time,0
2012-05-15,300.0
2012-05-16,300.0
2012-05-17,300.0
2012-05-18,300.0
2012-05-21,300.0
2012-05-22,300.0
2012-05-23,300.0
2012-05-24,300.0
2012-05-25,300.0
2012-05-28,300.0
2012-05-29,300.0
2012-05-30,300.0
2012-05-31,300.0
2012-06-01,322.48
2012-06-04,318.33000000000015
2012-06-05,316.70000000000005
2012-06-06,319.43142857142874
2012-06-07,319.43142857142874
2012-06-08,319.43142857142874
2012-06-11,319.43142857142874
2012-06-12,319.43142857142874
2012-06-13,319.43142857142874
2012-06-14,319.43142857142874
2012-06-15,319.43142857142874
2012-06-18,319.43142857142874
2012-06-19,319.43142857142874
2012-06-20,319.43142857142874
2012-06-21,318.3100000000003
2012-06-22,313.5200000000003
2012-06-25,306.2757142857145
2012-06-26,306.2757142857145
2012-06-27,306.2757142857145
2012-06-28,307.9057142857146
2012-06-29,299.1632142857145
2012-07-02,299.1632142857145
2012-07-03,300.02321428571463
2012-07-04,297.87321428571454
2012-07-05,294.22607142857163
2012-07-06,294.22607142857163
2012-07-09,294.22607142857163
2012-07-10,294.22607142857163
2012-07-11,294.22607142857163
2012-07-12,289.52107142857164
2012-07-13,289.52107142857164
2012-07-16,289.52107142857164
2012-07-17,289.52107142857164
2012-07-18,289.52107142857164
2012-07-19,289.52107142857164
2012-07-20,289.52107142857164
2012-07-23,289.52107142857164
2012-07-24,289.52107142857164
2012-07-25,291.54107142857185
2012-07-26,302.79107142857185
2012-07-27,309.7110714285717
2012-07-30,302.2975000000004
2012-07-31,302.2975000000004
2012-08-01,302.2975000000004
2012-08-02,302.2975000000004
2012-08-03,302.2975000000004
2012-08-06,302.2975000000004
2012-08-07,302.2975000000004
2012-08-08,302.2975000000004
2012-08-09,302.2975000000004
2012-08-10,302.2975000000004
2012-08-13,302.2975000000004
2012-08-14,302.2975000000004
2012-08-15,302.2975000000004
2012-08-16,302.2975000000004
2012-08-17,302.2975000000004
2012-08-20,302.2975000000004
2012-08-21,303.02750000000043
2012-08-22,301.6639285714293
2012-08-23,318.2739285714292
2012-08-24,317.1639285714293
2012-08-27,311.9239285714293
2012-08-28,310.4046428571434
2012-08-29,310.4046428571434
2012-08-30,310.4046428571434
2012-08-31,321.0446428571435
2012-09-03,322.5446428571435
2012-09-04,325.9646428571436
2012-09-05,323.0446428571435
2012-09-06,328.24250000000086
2012-09-07,338.7225000000011
2012-09-10,329.02250000000106
2012-09-11,335.05250000000103
2012-09-12,339.5589285714296
2012-09-13,352.69892857142946
2012-09-14,356.9289285714295
2012-09-17,346.679642857144
2012-09-18,346.679642857144
2012-09-19,346.679642857144
2012-09-20,346.679642857144
2012-09-21,341.284642857144
2012-09-24,341.284642857144
2012-09-25,341.284642857144
2012-09-26,335.2575000000012
2012-09-27,335.2575000000012
2012-09-28,335.2575000000012
2012-10-01,328.54678571428695
2012-10-02,328.54678571428695
2012-10-03,328.54678571428695
2012-10-04,328.54678571428695
2012-10-05,321.9764285714298
2012-10-08,321.9764285714298
2012-10-09,321.9764285714298
2012-10-10,321.9764285714298
2012-10-11,321.9764285714298
2012-10-12,321.0364285714297
2012-10-15,337.3564285714299
2012-10-16,328.7907142857154
2012-10-17,328.7907142857154
2012-10-18,328.7907142857154
2012-10-19,325.7807142857154
2012-10-22,321.90750000000105
2012-10-23,326.9975000000012
2012-10-24,332.5875000000011
2012-10-25,318.36964285714413
2012-10-26,318.36964285714413
2012-10-29,318.36964285714413
2012-10-30,318.36964285714413
2012-10-31,318.36964285714413
2012-11-01,318.36964285714413
2012-11-02,336.0396428571442
2012-11-05,328.99964285714424
2012-11-06,322.86321428571546
2012-11-07,322.86321428571546
2012-11-08,320.36321428571546
2012-11-09,319.63321428571544
2012-11-12,315.1732142857156
2012-11-13,315.1732142857156
2012-11-14,315.1732142857156
2012-11-15,315.1732142857156
2012-11-16,315.1732142857156
2012-11-19,315.1732142857156
2012-11-20,315.1732142857156
2012-11-21,315.1732142857156
2012-11-22,315.1732142857156
2012-11-23,320.1532142857158
2012-11-26,317.58321428571566
2012-11-27,312.4296428571439
2012-11-28,312.4296428571439
2012-11-29,312.4296428571439
2012-11-30,312.4296428571439
2012-12-03,312.4296428571439
2012-12-04,300.6946428571439
2012-12-05,294.73607142857253
2012-12-06,294.73607142857253
2012-12-07,294.73607142857253
2012-12-10,294.73607142857253
2012-12-11,294.73607142857253
2012-12-12,294.73607142857253
2012-12-13,294.73607142857253
2012-12-14,294.73607142857253
2012-12-17,294.73607142857253
2012-12-18,286.27142857142974
2012-12-19,282.177142857144
2012-12-20,287.187142857144
2012-12-21,276.79071428571547
2012-12-24,276.79071428571547
2012-12-26,276.79071428571547
2012-12-27,276.79071428571547
2012-12-28,276.79071428571547
2012-12-31,276.79071428571547
2013-01-02,276.79071428571547
2013-01-03,276.79071428571547
2013-01-04,267.72607142857254
2013-01-07,267.72607142857254
2013-01-08,267.72607142857254
2013-01-09,267.72607142857254
2013-01-10,267.72607142857254
2013-01-11,267.72607142857254
2013-01-14,267.72607142857254
2013-01-15,267.72607142857254
2013-01-16,267.72607142857254
2013-01-17,268.6360714285726
2013-01-18,265.4503571428585
2013-01-21,265.4503571428585
2013-01-22,265.4503571428585
2013-01-23,265.4503571428585
2013-01-24,265.4503571428585
2013-01-25,268.0403571428584
2013-01-28,271.2803571428584
2013-01-29,262.85107142857265
2013-01-30,262.85107142857265
2013-01-31,262.85107142857265
2013-02-01,262.85107142857265
2013-02-04,262.85107142857265
2013-02-05,262.85107142857265
2013-02-06,262.85107142857265
2013-02-07,262.85107142857265
2013-02-08,262.85107142857265
2013-02-11,270.8310714285729
2013-02-12,266.1982142857155
2013-02-13,266.1982142857155
2013-02-14,266.0682142857156
2013-02-15,291.0882142857156
2013-02-18,282.20321428571555
2013-02-19,282.20321428571555
2013-02-20,312.2332142857155
2013-02-21,292.8710714285727
2013-02-22,292.8710714285727
2013-02-25,292.8710714285727
2013-02-26,292.8710714285727
2013-02-27,292.8710714285727
2013-02-28,292.8710714285727
2013-03-01,292.8710714285727
2013-03-04,292.8710714285727
2013-03-05,292.8710714285727
2013-03-06,292.8710714285727
2013-03-07,292.8710714285727
2013-03-08,292.8710714285727
2013-03-11,292.8710714285727
2013-03-12,292.8710714285727
2013-03-13,292.8710714285727
2013-03-14,292.8710714285727
2013-03-15,292.8710714285727
2013-03-18,285.11285714285833
2013-03-19,292.33285714285836
2013-03-20,284.5242857142871
2013-03-21,284.5242857142871
2013-03-22,284.5242857142871
2013-03-25,284.5242857142871
2013-03-26,284.5242857142871
2013-03-27,284.5242857142871
2013-03-28,284.5242857142871
2013-04-01,284.5242857142871
2013-04-02,293.56428571428705
2013-04-03,312.32428571428704
2013-04-04,314.864285714287
2013-04-05,306.90000000000117
2013-04-08,306.90000000000117
2013-04-09,306.90000000000117
2013-04-10,306.90000000000117
2013-04-11,306.90000000000117
2013-04-12,362.0200000000013
2013-04-15,496.3500000000012
2013-04-16,478.04000000000127
2013-04-17,468.6100000000012
2013-04-18,458.85071428571575
2013-04-19,458.85071428571575
2013-04-22,458.85071428571575
2013-04-23,458.85071428571575
2013-04-24,458.85071428571575
2013-04-25,458.85071428571575
2013-04-26,449.65107142857283
2013-04-29,449.65107142857283
2013-04-30,449.65107142857283
2013-05-01,449.65107142857283
2013-05-02,449.65107142857283
2013-05-03,449.65107142857283
2013-05-06,449.65107142857283
2013-05-07,449.65107142857283
2013-05-08,449.65107142857283
2013-05-09,449.65107142857283
2013-05-10,441.22392857142995
2013-05-13,441.22392857142995
2013-05-14,441.22392857142995
2013-05-15,461.4239285714302
2013-05-16,468.1939285714302
2013-05-17,495.39392857143
2013-05-20,473.13178571428733
2013-05-21,473.13178571428733
2013-05-22,473.13178571428733
2013-05-23,473.13178571428733
2013-05-24,473.13178571428733
2013-05-27,473.13178571428733
2013-05-28,473.13178571428733
2013-05-29,473.13178571428733
2013-05-30,473.13178571428733
2013-05-31,465.7139285714301
2013-06-03,465.7139285714301
2013-06-04,465.7139285714301
2013-06-05,465.7139285714301
2013-06-06,465.7139285714301
2013-06-07,465.7139285714301
2013-06-10,465.7139285714301
2013-06-11,460.50428571428716
2013-06-12,460.50428571428716
2013-06-13,460.50428571428716
2013-06-14,460.50428571428716
2013-06-17,460.50428571428716
2013-06-18,457.0542857142871
2013-06-19,461.7871428571443
2013-06-20,528.3971428571442
2013-06-21,517.2471428571444
2013-06-24,530.2971428571443
2013-06-25,535.3471428571443
2013-06-26,585.9271428571442
2013-06-27,612.5271428571443
2013-06-28,590.9878571428587
2013-07-01,590.9878571428587
2013-07-02,590.9878571428587
2013-07-03,590.9878571428587
2013-07-04,590.9878571428587
2013-07-05,590.9878571428587
2013-07-08,590.9878571428587
2013-07-09,590.9878571428587
2013-07-10,590.9878571428587
2013-07-11,588.1378571428588
2013-07-12,578.3939285714301
2013-07-15,578.3939285714301
2013-07-16,578.3939285714301
2013-07-17,578.3939285714301
2013-07-18,578.3939285714301
2013-07-19,578.3939285714301
2013-07-22,600.2639285714303
2013-07-23,607.2739285714302
2013-07-24,593.6539285714305
2013-07-25,593.6539285714305
2013-07-26,593.6539285714305
2013-07-29,593.6539285714305
2013-07-30,593.6539285714305
2013-07-31,593.6539285714305
2013-08-01,593.6539285714305
2013-08-02,587.5360714285736
2013-08-05,587.5360714285736
2013-08-06,585.9160714285737
2013-08-07,581.7560714285736
2013-08-08,578.399642857145
2013-08-09,578.399642857145
2013-08-12,575.7696428571451
2013-08-13,570.9025000000021
2013-08-14,570.9025000000021
2013-08-15,577.952500000002
2013-08-16,588.9025000000021
2013-08-19,578.2425000000022
2013-08-20,569.4867857142879
2013-08-21,569.4867857142879
2013-08-22,569.4867857142879
2013-08-23,571.4867857142881
2013-08-26,578.1967857142881
2013-08-27,588.2067857142881
2013-08-28,591.536785714288
2013-08-29,587.6096428571449
2013-08-30,587.6096428571449
2013-09-02,587.6096428571449
2013-09-03,587.6096428571449
2013-09-04,587.6096428571449
2013-09-05,587.259642857145
2013-09-06,568.6896428571449
2013-09-09,568.6896428571449
2013-09-10,562.0175000000021
2013-09-11,562.0175000000021
2013-09-12,607.0975000000025
2013-09-13,598.8175000000023
2013-09-16,592.4575000000025
2013-09-17,592.4575000000025
2013-09-18,585.1703571428596
2013-09-19,585.1703571428596
2013-09-20,585.1703571428596
2013-09-23,585.1703571428596
2013-09-24,585.1703571428596
2013-09-25,585.1703571428596
2013-09-26,585.1703571428596
2013-09-27,585.1703571428596
2013-09-30,585.1703571428596
2013-10-01,589.2503571428596
2013-10-02,576.3446428571453
2013-10-03,576.3446428571453
2013-10-04,576.3446428571453
2013-10-07,576.3446428571453
2013-10-08,576.3446428571453
2013-10-09,576.3446428571453
2013-10-10,576.3446428571453
2013-10-11,571.0146428571454
2013-10-14,567.2500000000024
2013-10-15,560.4535714285737
2013-10-16,560.4535714285737
2013-10-17,560.4535714285737
2013-10-18,560.4535714285737
2013-10-21,560.4535714285737
2013-10-22,572.0035714285737
2013-10-23,565.3135714285738
2013-10-24,578.5135714285736
2013-10-25,582.3535714285738
2013-10-28,584.7635714285736
2013-10-29,576.2707142857165
2013-10-30,576.2707142857165
2013-10-31,576.2707142857165
2013-11-01,564.9814285714308
2013-11-04,564.9814285714308
2013-11-05,564.9814285714308
2013-11-06,564.9814285714308
2013-11-07,557.3535714285737
2013-11-08,563.9535714285738
2013-11-11,568.0435714285737
2013-11-12,582.8835714285739
2013-11-13,578.4035714285739
2013-11-14,567.8235714285738
2013-11-15,567.8235714285738
2013-11-18,567.8235714285738
2013-11-19,567.8235714285738
2013-11-20,553.9364285714313
2013-11-21,555.1064285714311
2013-11-22,555.1364285714311
2013-11-25,556.1000000000024
2013-11-26,556.1000000000024
2013-11-27,556.1000000000024
2013-11-28,556.1000000000024
2013-11-29,556.1000000000024
2013-12-02,582.500000000003
2013-12-03,569.1000000000033
2013-12-04,566.8000000000029
2013-12-05,566.8000000000029
2013-12-06,566.8000000000029
2013-12-09,566.8000000000029
2013-12-10,567.720000000003
2013-12-11,561.0257142857171
2013-12-12,561.0257142857171
2013-12-13,561.0257142857171
2013-12-16,561.0257142857171
2013-12-17,561.0257142857171
2013-12-18,561.0257142857171
2013-12-19,576.8757142857172
2013-12-20,559.7092857142886
2013-12-23,559.7092857142886
2013-12-24,559.7092857142886
2013-12-26,559.7092857142886
2013-12-27,559.7092857142886
2013-12-30,559.7092857142886
2013-12-31,559.7092857142886
2014-01-02,559.7092857142886
2014-01-03,559.7092857142886
2014-01-06,553.803214285717
2014-01-07,553.803214285717
2014-01-08,553.803214285717
2014-01-09,553.803214285717
2014-01-10,553.803214285717
2014-01-13,547.1042857142884
2014-01-14,547.1042857142884
2014-01-15,547.1042857142884
2014-01-16,547.1042857142884
2014-01-17,547.1042857142884
2014-01-20,527.7842857142887
2014-01-21,527.7842857142887
2014-01-22,527.7842857142887
2014-01-23,527.7842857142887
2014-01-24,509.83000000000334
2014-01-27,494.90428571428913
2014-01-28,494.90428571428913
2014-01-29,494.90428571428913
2014-01-30,494.90428571428913
2014-01-31,494.90428571428913
2014-02-03,494.90428571428913
2014-02-04,494.90428571428913
2014-02-05,494.90428571428913
2014-02-06,494.90428571428913
2014-02-07,494.90428571428913
2014-02-10,494.90428571428913
2014-02-11,476.65500000000384
2014-02-12,475.9650000000038
2014-02-13,487.8550000000039
2014-02-14,503.27500000000396
2014-02-17,513.4650000000038
2014-02-18,501.5157142857183
2014-02-19,501.5157142857183
2014-02-20,501.5157142857183
2014-02-21,501.5157142857183
2014-02-24,486.11500000000433
2014-02-25,487.55500000000484
2014-02-26,468.1692857142905
2014-02-27,468.1692857142905
2014-02-28,468.1692857142905
2014-03-03,446.72285714286215
2014-03-04,437.9082142857189
2014-03-05,437.9082142857189
2014-03-06,437.9082142857189
2014-03-07,437.9082142857189
2014-03-10,437.9082142857189
2014-03-11,437.9082142857189
2014-03-12,443.1982142857191
2014-03-13,445.84821428571894
2014-03-14,461.81821428571897
2014-03-17,448.96750000000463
2014-03-18,448.96750000000463
2014-03-19,448.96750000000463
2014-03-20,443.26392857143315
2014-03-21,443.26392857143315
2014-03-24,449.9839285714334
2014-03-25,447.70392857143344
2014-03-26,454.29392857143336
2014-03-27,467.4339285714332
2014-03-28,463.7339285714334
2014-03-31,456.95750000000544
2014-04-01,470.90750000000503
2014-04-02,444.36821428571926
2014-04-03,444.36821428571926
2014-04-04,444.36821428571926
2014-04-07,444.36821428571926
2014-04-08,444.36821428571926
2014-04-09,444.36821428571926
2014-04-10,449.94821428571964
2014-04-11,447.7582142857196
2014-04-14,474.4582142857192
2014-04-15,447.10250000000485
2014-04-16,447.10250000000485
2014-04-17,447.10250000000485
2014-04-21,440.30928571429064
2014-04-22,437.7592857142907
2014-04-23,435.5539285714335
2014-04-24,418.8082142857195
2014-04-25,418.8082142857195
2014-04-28,418.8082142857195
2014-04-29,418.8082142857195
2014-04-30,418.8082142857195
2014-05-01,418.8082142857195
2014-05-02,418.8082142857195
2014-05-05,418.47821428571956
2014-05-06,414.4017857142912
2014-05-07,414.4017857142912
2014-05-08,414.4017857142912
2014-05-09,414.4017857142912
2014-05-12,414.4017857142912
2014-05-13,414.4017857142912
2014-05-14,414.4017857142912
2014-05-15,414.4017857142912
2014-05-16,414.4017857142912
2014-05-19,414.4017857142912
2014-05-20,414.4017857142912
2014-05-21,414.4017857142912
2014-05-22,414.4017857142912
2014-05-23,414.4017857142912
2014-05-26,414.4017857142912
2014-05-27,463.00178571429154
2014-05-28,489.1617857142914
2014-05-29,499.7217857142918
2014-05-30,525.1617857142915
2014-06-02,546.7617857142918
2014-06-03,543.0817857142915
2014-06-04,547.9617857142916
2014-06-05,532.127500000007
2014-06-06,532.127500000007
2014-06-09,532.127500000007
2014-06-10,521.9775000000083
2014-06-11,528.9075000000083
2014-06-12,610.387500000009
2014-06-13,638.387500000009
2014-06-16,632.2025000000098
2014-06-17,632.2025000000098
2014-06-18,632.2025000000098
2014-06-19,845.2825000000101
2014-06-20,811.8925000000103
2014-06-23,829.1825000000089
2014-06-24,832.2625000000093
2014-06-25,816.4975000000103
2014-06-26,816.4975000000103
2014-06-27,816.4975000000103
2014-06-30,815.4475000000106
2014-07-01,811.0675000000105
2014-07-02,802.7425000000106
2014-07-03,802.7425000000106
2014-07-04,802.7425000000106
2014-07-07,802.7425000000106
2014-07-08,802.7425000000106
2014-07-09,802.7425000000106
2014-07-10,774.4867857142963
2014-07-11,774.4867857142963
2014-07-14,771.5267857142971
2014-07-15,749.1396428571536
2014-07-16,735.7032142857248
2014-07-17,735.7032142857248
2014-07-18,735.7032142857248
2014-07-21,735.7032142857248
2014-07-22,735.7032142857248
2014-07-23,735.7032142857248
2014-07-24,731.8832142857251
2014-07-25,725.0075000000106
2014-07-28,725.0075000000106
2014-07-29,725.0075000000106
2014-07-30,725.0075000000106
2014-07-31,719.1575000000114
2014-08-01,700.0521428571536
2014-08-04,700.0521428571536
2014-08-05,700.0521428571536
2014-08-06,700.0521428571536
2014-08-07,700.0521428571536
2014-08-08,674.6842857142967
2014-08-11,674.6842857142967
2014-08-12,674.6842857142967
2014-08-13,674.6842857142967
2014-08-14,674.6842857142967
2014-08-15,674.6842857142967
2014-08-18,674.6842857142967
2014-08-19,674.6842857142967
2014-08-20,664.5442857142964
2014-08-21,754.7242857142962
2014-08-22,734.384285714297
2014-08-25,753.4042857142961
2014-08-26,715.6471428571539
2014-08-27,715.6471428571539
2014-08-28,715.6471428571539
2014-08-29,715.6471428571539
2014-09-01,715.6471428571539
2014-09-02,747.8671428571546
2014-09-03,722.6285714285837
2014-09-04,722.6285714285837
2014-09-05,697.7314285714413
2014-09-08,710.8214285714421
2014-09-09,709.0714285714421
2014-09-10,749.0414285714407
2014-09-11,811.4814285714413
2014-09-12,891.0714285714421
2014-09-15,864.0514285714412
2014-09-16,803.1814285714422
2014-09-17,803.7814285714426
2014-09-18,799.4814285714424
2014-09-19,792.0014285714423
2014-09-22,780.7592857142993
2014-09-23,780.7592857142993
2014-09-24,780.7592857142993
2014-09-25,780.7592857142993
2014-09-26,780.7592857142993
2014-09-29,780.7592857142993
2014-09-30,780.7592857142993
2014-10-01,780.7592857142993
2014-10-02,780.7592857142993
2014-10-03,811.5092857142993
2014-10-06,780.4421428571566
2014-10-07,780.4421428571566
2014-10-08,780.4421428571566
2014-10-09,776.1221428571569
2014-10-10,768.7585714285852
2014-10-13,768.7585714285852
2014-10-14,768.7585714285852
2014-10-15,772.3985714285851
2014-10-16,765.2385714285853
2014-10-17,755.2150000000138
2014-10-20,755.2150000000138
2014-10-21,742.7507142857282
2014-10-22,742.7507142857282
2014-10-23,742.7507142857282
2014-10-24,742.7507142857282
2014-10-27,742.7507142857282
2014-10-28,742.7507142857282
2014-10-29,721.3135714285864
2014-10-30,759.7135714285863
2014-10-31,839.0635714285864
2014-11-03,856.5235714285863
2014-11-04,848.6935714285866
2014-11-05,929.8735714285864
2014-11-06,929.6635714285866
2014-11-07,912.9792857143003
2014-11-10,912.9792857143003
2014-11-11,912.9792857143003
2014-11-12,912.9792857143003
2014-11-13,912.9792857143003
2014-11-14,912.7892857143003
2014-11-17,910.5892857143004
2014-11-18,921.5692857143002
2014-11-19,914.5664285714431
2014-11-20,914.5664285714431
2014-11-21,914.5664285714431
2014-11-24,914.5664285714431
2014-11-25,914.5664285714431
2014-11-26,914.5664285714431
2014-11-27,914.5664285714431
2014-11-28,915.0664285714431
2014-12-01,895.5800000000144
2014-12-02,885.6217857143001
2014-12-03,885.6217857143001
2014-12-04,885.6217857143001
2014-12-05,885.6217857143001
2014-12-08,885.6217857143001
2014-12-09,896.8017857143
2014-12-10,889.0017857143002
2014-12-11,872.309642857157
2014-12-12,872.309642857157
2014-12-15,872.309642857157
2014-12-16,872.309642857157
2014-12-17,872.309642857157
2014-12-18,872.309642857157
2014-12-19,872.309642857157
2014-12-22,888.749642857157
2014-12-23,887.999642857157
2014-12-24,892.1096428571567
2014-12-26,855.8696428571567
2014-12-29,855.8696428571567
2014-12-30,855.8696428571567
2014-12-31,855.8696428571567
2015-01-02,855.8696428571567
2015-01-05,855.8696428571567
2015-01-06,839.372142857157
2015-01-07,828.3642857142997
2015-01-08,828.3642857142997
2015-01-09,828.3642857142997
2015-01-12,816.2478571428711
2015-01-13,811.2878571428711
2015-01-14,802.5071428571564
2015-01-15,834.9271428571565
2015-01-16,870.3871428571565
2015-01-19,863.6271428571567
2015-01-21,881.9771428571565
2015-01-22,881.9771428571565
2015-01-23,881.9771428571565
2015-01-26,881.9771428571565
2015-01-27,881.9771428571565
2015-01-28,881.9771428571565
2015-01-29,881.9771428571565
2015-01-30,881.9771428571565
2015-02-02,881.9771428571565
2015-02-03,881.9771428571565
2015-02-04,881.9771428571565
2015-02-05,881.9771428571565
2015-02-06,921.217142857157
2015-02-09,902.7671428571567
2015-02-10,920.9171428571566
2015-02-11,969.0371428571565
2015-02-12,954.0671428571565
2015-02-13,917.4157142857285
2015-02-16,917.4157142857285
2015-02-17,919.2757142857287
2015-02-18,914.0742857143
2015-02-19,914.0742857143
2015-02-20,914.0742857143
2015-02-23,899.8821428571573
2015-02-24,899.8821428571573
2015-02-25,899.8821428571573
2015-02-26,899.8821428571573
2015-02-27,899.8821428571573
2015-03-02,899.8821428571573
2015-03-03,899.8821428571573
2015-03-04,899.8821428571573
2015-03-05,899.8821428571573
2015-03-06,944.432142857157
2015-03-09,946.0221428571576
2015-03-10,938.1150000000157
2015-03-11,926.2350000000156
2015-03-12,919.5221428571588
2015-03-13,919.5221428571588
2015-03-16,919.5221428571588
2015-03-17,919.5221428571588
2015-03-18,919.5221428571588
2015-03-19,919.5221428571588
2015-03-20,931.5821428571594
2015-03-23,952.8821428571591
2015-03-24,964.222142857159
2015-03-25,970.4321428571595
2015-03-26,1010.1007142857304
2015-03-27,1010.1007142857304
2015-03-30,1010.1007142857304
2015-03-31,1010.1007142857304
2015-04-01,1010.1007142857304
2015-04-02,1010.1007142857304
2015-04-03,1010.1007142857304
2015-04-06,992.8664285714444
2015-04-07,992.8664285714444
2015-04-08,992.8664285714444
2015-04-09,992.8664285714444
2015-04-10,992.8664285714444
2015-04-13,992.8664285714444
2015-04-14,992.8664285714444
2015-04-15,992.8664285714444
2015-04-16,992.8664285714444
2015-04-17,992.8664285714444
2015-04-20,992.8664285714444
2015-04-21,992.8664285714444
2015-04-22,992.8664285714444
2015-04-23,992.8664285714444
2015-04-24,1002.9064285714444
2015-04-27,976.6178571428729
2015-04-28,971.537857142873
2015-04-29,958.4450000000161
2015-04-30,958.4450000000161
2015-05-01,939.2592857143012
2015-05-04,939.2592857143012
2015-05-05,939.2592857143012
2015-05-06,939.2592857143012
2015-05-07,939.2592857143012
2015-05-08,939.2592857143012
2015-05-11,939.2592857143012
2015-05-12,939.2592857143012
2015-05-13,984.0192857143014
2015-05-14,1004.6992857143008
2015-05-15,974.6278571428721
2015-05-18,957.6332142857291
2015-05-19,957.6332142857291
2015-05-20,957.6332142857291
2015-05-21,957.6332142857291
2015-05-22,957.6332142857291
2015-05-25,957.6332142857291
2015-05-26,984.673214285729
2015-05-27,981.4732142857292
2015-05-28,980.8732142857289
2015-05-29,966.5532142857289
2015-06-01,966.5532142857289
2015-06-02,966.5532142857289
2015-06-03,966.5532142857289
2015-06-04,975.1532142857293
2015-06-05,998.3932142857298
2015-06-08,998.3932142857298
2015-06-09,998.3932142857298
2015-06-10,998.3932142857298
2015-06-11,998.3932142857298
2015-06-12,998.3932142857298
2015-06-15,998.3932142857298
2015-06-16,998.3932142857298
2015-06-17,998.3932142857298
2015-06-18,1015.5232142857299
2015-06-19,1010.2432142857299
2015-06-22,995.8496428571584
2015-06-23,995.8496428571584
2015-06-24,995.8496428571584
2015-06-25,995.8496428571584
2015-06-26,995.8496428571584
2015-06-29,995.8496428571584
2015-06-30,995.8496428571584
2015-07-01,995.8496428571584
2015-07-02,1012.6675000000209
2015-07-03,1012.6675000000209
2015-07-06,1012.6675000000209
2015-07-07,994.0703571428778
2015-07-08,974.920357142878
2015-07-09,974.920357142878
2015-07-10,974.920357142878
2015-07-13,974.920357142878
2015-07-14,974.920357142878
2015-07-15,955.375357142878
2015-07-16,955.375357142878
2015-07-17,1033.2953571428798
2015-07-20,1817.145357142878
2015-07-21,1817.145357142878
2015-07-22,1817.145357142878
2015-07-23,1817.145357142878
2015-07-24,1817.145357142878
2015-07-27,1817.145357142878
2015-07-28,1817.145357142878
2015-07-29,1817.145357142878
2015-07-30,1817.145357142878
2015-07-31,1817.145357142878
2015-08-03,1817.145357142878
2015-08-04,1817.145357142878
2015-08-05,1817.145357142878
2015-08-06,1817.145357142878
2015-08-07,1817.145357142878
2015-08-10,1784.1425000000202
2015-08-11,1751.3853571428772
2015-08-12,1759.0853571428781
2015-08-13,1719.0425000000193
2015-08-14,1719.0425000000193
2015-08-17,1719.0425000000193
2015-08-18,1719.0425000000193
2015-08-19,1772.9625000000212
2015-08-20,1916.0825000000202
2015-08-21,1891.4482142857335
2015-08-24,1891.4482142857335
2015-08-25,1891.4482142857335
2015-08-26,1891.4482142857335
2015-08-27,1891.4482142857335
2015-08-28,1891.4482142857335
2015-08-31,1891.4482142857335
2015-09-01,1891.4482142857335
2015-09-02,1891.4482142857335
2015-09-03,1891.4482142857335
2015-09-04,1891.4482142857335
2015-09-07,1891.4482142857335
2015-09-08,1891.4482142857335
2015-09-09,1978.4482142857396
2015-09-10,1835.5017857143034
2015-09-11,1763.944642857161
2015-09-14,1763.944642857161
2015-09-15,1763.944642857161
2015-09-16,1763.944642857161
2015-09-17,1762.6146428571606
2015-09-18,1666.7914285714462
2015-09-21,1666.7914285714462
2015-09-22,1666.7914285714462
2015-09-23,1666.7914285714462
2015-09-24,1672.3214285714475
2015-09-25,1634.7114285714456
2015-09-28,1634.7114285714456
2015-09-29,1634.7114285714456
2015-09-30,1648.221428571446
2015-10-01,1654.8714285714464
2015-10-02,1669.2414285714462
2015-10-05,1669.2414285714462
2015-10-06,1669.2414285714462
2015-10-07,1669.2414285714462
2015-10-08,1669.2414285714462
2015-10-09,1659.7914285714469
2015-10-12,1696.0414285714469
2015-10-13,1662.6842857143038
2015-10-14,1630.5357142857315
2015-10-15,1607.6814285714465
2015-10-16,1607.6814285714465
2015-10-19,1607.6814285714465
2015-10-20,1607.6814285714465
2015-10-21,1607.6814285714465
2015-10-22,1607.6814285714465
2015-10-23,1607.6814285714465
2015-10-26,1607.6814285714465
2015-10-27,1607.6814285714465
2015-10-28,1606.5614285714466
2015-10-29,1646.5214285714467
2015-10-30,1662.6814285714465
2015-11-02,1695.8014285714464
2015-11-03,1759.201428571447
2015-11-04,1799.6014285714466
2015-11-05,1815.3614285714468
2015-11-06,1875.161428571447
2015-11-09,1850.2814285714458
2015-11-10,1850.2814285714458
2015-11-11,1837.0814285714478
2015-11-12,1776.7792857143054
2015-11-13,1776.7792857143054
2015-11-16,1776.7792857143054
2015-11-17,1740.8517857143054
2015-11-18,1740.8517857143054
2015-11-19,1740.8517857143054
2015-11-20,1740.8517857143054
2015-11-23,1740.8517857143054
2015-11-24,1740.8517857143054
2015-11-25,1740.8517857143054
2015-11-26,1740.8517857143054
2015-11-27,1708.680357142877
2015-11-30,1708.680357142877
2015-12-01,1708.680357142877
2015-12-02,1708.680357142877
2015-12-03,1639.375357142878
2015-12-04,1653.5253571428789
2015-12-07,1607.9807142857346
2015-12-08,1607.9807142857346
2015-12-09,1607.9807142857346
2015-12-10,1607.9807142857346
2015-12-11,1607.9807142857346
2015-12-14,1607.9807142857346
2015-12-15,1607.9807142857346
2015-12-16,1607.9807142857346
2015-12-17,1601.4807142857348
2015-12-18,1579.1628571428776
2015-12-21,1579.1628571428776
2015-12-22,1579.1628571428776
2015-12-23,1579.1628571428776
2015-12-24,1579.1628571428776
2015-12-28,1579.1628571428776
2015-12-29,1579.1628571428776
2015-12-30,1579.1628571428776
2015-12-31,1579.1628571428776
2016-01-04,1579.1628571428776
2016-01-05,1579.1628571428776
2016-01-06,1496.112857142875
2016-01-07,1671.232857142876
2016-01-08,1538.2742857143032
2016-01-11,1538.2742857143032
2016-01-12,1538.2742857143032
2016-01-13,1538.2742857143032
2016-01-14,1538.2742857143032
2016-01-15,1538.2742857143032
2016-01-18,1538.2742857143032
2016-01-19,1538.2742857143032
2016-01-20,1538.2742857143032
2016-01-21,1538.2742857143032
2016-01-22,1538.2742857143032
2016-01-25,1538.2742857143032
2016-01-26,1618.2742857143032
2016-01-27,1655.6342857143038
2016-01-28,1584.3657142857326
2016-01-29,1584.3657142857326
2016-02-01,1572.925714285732
2016-02-02,1553.6000000000188
2016-02-03,1579.8800000000194
2016-02-04,1658.0000000000193
2016-02-05,1637.0914285714482
2016-02-08,1681.0400000000197
2016-02-09,1674.7400000000198
2016-02-10,1717.9900000000202
2016-02-11,1974.44000000002
2016-02-12,1921.5900000000204
2016-02-15,1848.3971428571622
2016-02-16,1848.3971428571622
2016-02-17,1848.3971428571622
2016-02-18,1848.3971428571622
2016-02-19,1848.3971428571622
2016-02-22,1848.3971428571622
2016-02-23,1848.3971428571622
2016-02-24,1848.3971428571622
2016-02-25,1848.3971428571622
2016-02-26,1848.3971428571622
2016-02-29,1848.3971428571622
2016-03-01,1848.3971428571622
2016-03-02,1848.3971428571622
2016-03-03,1916.377142857163
2016-03-04,1810.7971428571625
2016-03-07,1810.7971428571625
2016-03-08,1810.7971428571625
2016-03-09,1810.7971428571625
2016-03-10,1810.7971428571625
2016-03-11,1810.7971428571625
2016-03-14,1810.7971428571625
2016-03-15,1810.7971428571625
2016-03-16,1810.7971428571625
2016-03-17,1810.7971428571625
2016-03-18,1810.7971428571625
2016-03-21,1810.7971428571625
2016-03-22,1810.7971428571625
2016-03-23,1828.1371428571617
2016-03-24,1846.197142857163
2016-03-28,1820.8771428571629
2016-03-29,1808.3757142857332
2016-03-30,1808.3757142857332
2016-03-31,1808.3757142857332
2016-04-01,1808.3757142857332
2016-04-04,1808.3757142857332
2016-04-05,1808.3757142857332
2016-04-06,1808.3757142857332
2016-04-07,1808.3757142857332
2016-04-08,1808.3757142857332
2016-04-11,1869.775714285733
2016-04-12,1859.2757142857336
2016-04-13,1831.7721428571615
2016-04-14,1831.7721428571615
2016-04-15,1831.7721428571615
2016-04-18,1831.7721428571615
2016-04-19,1831.7721428571615
2016-04-20,1831.7721428571615
2016-04-21,1799.2739285714472
2016-04-22,1799.2739285714472
2016-04-25,1799.2739285714472
2016-04-26,1799.2739285714472
2016-04-27,1799.2739285714472
2016-04-28,1799.2739285714472
2016-04-29,1896.7239285714484
2016-05-02,1865.8846428571633
2016-05-03,1865.8846428571633
2016-05-04,1865.8846428571633
2016-05-05,1865.8846428571633
2016-05-06,1865.8846428571633
2016-05-09,1865.8846428571633
2016-05-10,1865.8846428571633
2016-05-11,1865.8846428571633
2016-05-12,1865.8846428571633
2016-05-13,1865.8846428571633
2016-05-16,1865.8846428571633
2016-05-17,1865.8846428571633
2016-05-18,1865.8846428571633
2016-05-19,1856.5846428571635
2016-05-20,1828.9760714285912
2016-05-23,1828.9760714285912
2016-05-24,1970.906071428591
2016-05-25,1992.2360714285921
2016-05-26,1926.8125000000189
2016-05-27,1871.1675000000182
2016-05-30,1896.6075000000183
2016-05-31,1856.7353571428748
2016-06-01,1856.7353571428748
2016-06-02,1856.7353571428748
2016-06-03,1856.7353571428748
2016-06-06,1856.7353571428748
2016-06-07,1856.7353571428748
2016-06-08,1980.1553571428751
2016-06-09,2062.435357142875
2016-06-10,2114.6853571428755
2016-06-13,2222.485357142875
2016-06-14,2244.485357142875
2016-06-15,2306.5253571428757
2016-06-16,2333.663928571448
2016-06-17,2333.663928571448
2016-06-20,2333.663928571448
2016-06-21,2333.663928571448
2016-06-22,2333.663928571448
2016-06-23,2333.663928571448
2016-06-24,2294.4575000000195
2016-06-27,2294.4575000000195
2016-06-28,2294.4575000000195
2016-06-29,2294.4575000000195
2016-06-30,2294.4575000000195
2016-07-01,2294.4575000000195
2016-07-04,2294.4575000000195
2016-07-05,2294.4575000000195
2016-07-06,2318.9975000000204
2016-07-07,2258.9760714285917
2016-07-08,2258.9760714285917
2016-07-11,2258.9760714285917
2016-07-12,2258.9760714285917
2016-07-13,2258.9760714285917
2016-07-14,2215.5075000000197
2016-07-15,2215.5075000000197
2016-07-18,2215.5075000000197
2016-07-19,2215.5075000000197
2016-07-20,2238.0075000000215
2016-07-21,2171.8703571428764
2016-07-22,2171.8703571428764
2016-07-25,2171.8703571428764
2016-07-26,2171.8703571428764
2016-07-27,2144.4203571428775
2016-07-28,2084.9667857143054
2016-07-29,2090.8467857143055
2016-08-01,2097.326785714306
2016-08-02,2141.086785714306
2016-08-03,2106.846785714306
2016-08-04,2106.846785714306
2016-08-05,2106.846785714306
2016-08-08,2106.846785714306
2016-08-09,2106.846785714306
2016-08-10,2106.846785714306
2016-08-11,2106.846785714306
2016-08-12,2106.846785714306
2016-08-15,2106.846785714306
2016-08-16,2106.846785714306
2016-08-17,2106.846785714306
2016-08-18,2106.846785714306
2016-08-19,2106.846785714306
2016-08-22,2106.846785714306
2016-08-23,2106.846785714306
2016-08-24,2256.446785714305
2016-08-25,2310.126785714306
2016-08-26,2186.5182142857393
2016-08-29,2125.49821428574
2016-08-30,2241.5082142857405
2016-08-31,2255.45821428574
2016-09-01,2226.1889285714537
2016-09-02,2226.1889285714537
2016-09-05,2226.1889285714537
2016-09-06,2301.158928571457
2016-09-07,2185.2389285714576
2016-09-08,2137.238928571453
2016-09-09,2137.238928571453
2016-09-12,2137.238928571453
2016-09-13,2137.238928571453
2016-09-14,2137.238928571453
2016-09-15,2053.299642857169
2016-09-16,2053.299642857169
2016-09-19,2053.299642857169
2016-09-20,2053.299642857169
2016-09-21,2053.299642857169
2016-09-22,2060.1996428571697
2016-09-23,1970.424642857166
2016-09-26,1970.424642857166
2016-09-27,1970.424642857166
2016-09-28,1970.424642857166
2016-09-29,1970.424642857166
2016-09-30,1970.424642857166
2016-10-03,1970.424642857166
2016-10-04,2820.2946428571663
2016-10-05,2857.2546428571663
2016-10-06,3115.554642857165
2016-10-07,2853.6367857143136
2016-10-10,2853.6367857143136
2016-10-11,2853.6367857143136
2016-10-12,2853.6367857143136
2016-10-13,2853.6367857143136
2016-10-14,2853.6367857143136
2016-10-17,2853.6367857143136
2016-10-18,2853.6367857143136
2016-10-19,2737.876428571461
2016-10-20,2737.876428571461
2016-10-21,2737.876428571461
2016-10-24,2737.876428571461
2016-10-25,2690.83642857146
2016-10-26,2626.5050000000288
2016-10-27,2626.5050000000288
2016-10-28,2521.7771428571714
2016-10-31,2521.7771428571714
2016-11-01,2627.05714285717
2016-11-02,2903.857142857173
2016-11-03,2806.302857142892
2016-11-04,2806.302857142892
2016-11-07,2806.302857142892
2016-11-08,2806.302857142892
2016-11-09,2763.661071428606
2016-11-10,2774.661071428606
2016-11-11,2934.911071428606
2016-11-14,2970.6610714286066
2016-11-15,2929.361071428607
2016-11-16,2947.0610714286067
2016-11-17,2987.4610714286064
2016-11-18,3028.5610714286063
2016-11-21,3001.411071428606
2016-11-22,3011.861071428607
2016-11-23,3136.7610714286066
2016-11-24,3150.9610714286064
2016-11-25,3132.871785714321
2016-11-28,3132.871785714321
2016-11-29,3132.871785714321
2016-11-30,3132.871785714321
2016-12-01,3074.720357142893
2016-12-02,3074.720357142893
2016-12-05,3074.720357142893
2016-12-06,3074.720357142893
2016-12-07,3074.720357142893
2016-12-08,3074.720357142893
2016-12-09,3074.720357142893
2016-12-12,2959.186071428607
2016-12-13,2959.186071428607
2016-12-14,3032.6260714286086
2016-12-15,3212.386071428609
2016-12-16,3070.5632142857507
2016-12-19,3070.5632142857507
2016-12-20,3070.5632142857507
2016-12-21,3070.5632142857507
2016-12-22,3070.5632142857507
2016-12-23,3070.5632142857507
2016-12-27,3070.5632142857507
2016-12-28,3070.5632142857507
2016-12-29,2949.3121428571785
2016-12-30,2832.398214285747
2017-01-03,2832.398214285747
2017-01-04,2778.3482142857497
2017-01-05,2869.20821428575
2017-01-06,2784.3982142857494
2017-01-09,2877.01821428575
2017-01-10,2947.4182142857508
2017-01-11,2820.6732142857536
2017-01-12,2852.193214285754
2017-01-13,2827.3817857143226
2017-01-16,2827.3817857143226
2017-01-17,2906.941785714324
2017-01-18,2771.8710714286085
2017-01-19,2771.8710714286085
2017-01-20,2771.8710714286085
2017-01-23,2771.8710714286085
2017-01-24,2771.8710714286085
2017-01-25,2771.8710714286085
2017-01-26,2716.2460714286085
2017-01-27,2663.630357142894
2017-01-30,2663.630357142894
2017-01-31,2663.630357142894
2017-02-01,2663.630357142894
2017-02-02,2609.7417857143205
2017-02-03,2609.7417857143205
2017-02-06,2755.981785714322
2017-02-07,2724.6217857143215
2017-02-08,2855.6617857143224
2017-02-09,2729.4446428571796
2017-02-10,2729.4446428571796
2017-02-13,2729.4446428571796
2017-02-14,2729.4446428571796
2017-02-15,2729.4446428571796
2017-02-16,2729.4446428571796
2017-02-17,2729.4446428571796
2017-02-20,2729.4446428571796
2017-02-21,2729.4446428571796
2017-02-22,2729.4446428571796
2017-02-23,2745.2846428571816
2017-02-24,3025.7246428571802
2017-02-27,2909.9075000000375
2017-02-28,2909.9075000000375
2017-03-01,2909.9075000000375
2017-03-02,2909.9075000000375
2017-03-03,2793.377500000034
2017-03-06,2793.377500000034
2017-03-07,2994.9775000000327
2017-03-08,3313.777500000034
2017-03-09,3614.1775000000334
2017-03-10,3446.2917857143098
2017-03-13,3446.2917857143098
2017-03-14,3446.2917857143098
2017-03-15,3446.2917857143098
2017-03-16,3446.2917857143098
2017-03-17,3446.2917857143098
2017-03-20,3376.653928571451
2017-03-21,3472.7739285714497
2017-03-22,3543.513928571451
2017-03-23,3443.8710714285935
2017-03-24,3443.8710714285935
2017-03-27,3428.271071428594
2017-03-28,3401.421071428597
2017-03-29,3401.421071428597
2017-03-30,3401.421071428597
2017-03-31,3401.421071428597
2017-04-03,3401.421071428597
2017-04-04,3401.421071428597
2017-04-05,3401.421071428597
2017-04-06,3401.421071428597
2017-04-07,3266.5139285714513
2017-04-10,3266.5139285714513
2017-04-11,3203.4567857143084
2017-04-12,3205.3139285714497
2017-04-13,3216.883928571451
2017-04-17,3137.0825000000254
2017-04-18,3137.0825000000254
2017-04-19,3137.0825000000254
2017-04-20,3137.0825000000254
2017-04-21,3137.0825000000254
2017-04-24,3137.0825000000254
2017-04-25,3152.382500000027
2017-04-26,3076.003928571453
2017-04-27,3076.003928571453
2017-04-28,3076.003928571453
2017-05-01,3129.6039285714587
2017-05-02,3132.0039285714565
2017-05-03,3232.6596428571766
2017-05-04,3532.0896428571746
2017-05-05,3529.389642857177
2017-05-08,3565.8396428571746
2017-05-09,3699.4896428571756
2017-05-10,3760.779642857175
2017-05-11,3541.809642857176
2017-05-12,3541.809642857176
2017-05-15,3541.809642857176
2017-05-16,3541.809642857176
2017-05-17,4209.4096428571875
2017-05-18,3765.6382142857583
2017-05-19,3765.6382142857583
2017-05-22,3765.6382142857583
2017-05-23,3765.6382142857583
2017-05-24,3765.6382142857583
2017-05-25,3765.6382142857583
2017-05-26,3785.2182142857605
2017-05-29,3775.5382142857593
2017-05-30,3716.468214285754
2017-05-31,3565.8453571429
2017-06-01,3565.8453571429
2017-06-02,3619.9253571429017
2017-06-05,3647.7653571429055
2017-06-06,4111.445357142906
2017-06-07,3837.3196428571973
2017-06-08,3837.3196428571973
2017-06-09,3837.3196428571973
2017-06-12,3837.3196428571973
2017-06-13,3837.3196428571973
2017-06-14,3837.3196428571973
2017-06-15,3868.4796428571995
2017-06-16,3878.5496428571987
2017-06-19,4071.019642857201
2017-06-20,4079.1896428572018
2017-06-21,4017.249642857202
2017-06-22,3978.191071428631
2017-06-23,3978.191071428631
2017-06-26,3978.191071428631
2017-06-27,3978.191071428631
2017-06-28,3978.191071428631
2017-06-29,3978.191071428631
2017-06-30,3978.191071428631
2017-07-03,4475.47107142863
2017-07-04,4350.031071428628
2017-07-05,4226.87678571434
2017-07-06,4226.87678571434
2017-07-07,4330.076785714346
2017-07-10,4211.448214285781
2017-07-11,4211.448214285781
2017-07-12,4211.448214285781
2017-07-13,4211.448214285781
2017-07-14,4127.2767857143535
2017-07-17,4092.0767857143564
2017-07-18,4361.516785714359
2017-07-19,4332.716785714363
2017-07-20,4444.396785714356
2017-07-21,4766.956785714361
2017-07-24,4786.476785714358
2017-07-25,4620.7625000000735
2017-07-26,4597.442500000075
2017-07-27,4436.465357142933
2017-07-28,4426.865357142936
2017-07-31,4437.905357142931
2017-08-01,4171.373214285792
2017-08-02,4171.373214285792
2017-08-03,4171.373214285792
2017-08-04,4171.373214285792
2017-08-07,4171.373214285792
2017-08-08,4088.616071428651
2017-08-09,4015.1067857143707
2017-08-10,4165.726785714369
2017-08-11,4104.271785714368
2017-08-14,4104.271785714368
2017-08-15,4104.271785714368
2017-08-16,4104.271785714368
2017-08-17,4104.271785714368
2017-08-18,4021.5753571429395
2017-08-21,4021.5753571429395
2017-08-22,4021.5753571429395
2017-08-23,4021.5753571429395
2017-08-24,4021.5753571429395
2017-08-25,4021.5753571429395
2017-08-28,4166.655357142938
2017-08-29,4136.75535714294
2017-08-30,4136.75535714294
2017-08-31,4136.75535714294
2017-09-01,4136.75535714294
2017-09-04,4120.675357142941
2017-09-05,3976.0250000000847
2017-09-06,3976.0250000000847
2017-09-07,3976.0250000000847
2017-09-08,3898.4382142858003
2017-09-11,3898.4382142858003
2017-09-12,3898.4382142858003
2017-09-13,3898.4382142858003
2017-09-14,3898.4382142858003
2017-09-15,3898.4382142858003
2017-09-18,4065.358214285802
2017-09-19,3968.8982142858013
2017-09-20,3852.0367857143824
2017-09-21,3976.076785714381
2017-09-22,3896.69678571438
2017-09-25,3845.7067857143807
2017-09-26,3845.7067857143807
2017-09-27,3771.0039285715243
2017-09-28,3694.761071428666
2017-09-29,3694.761071428666
2017-10-02,3754.761071428666
2017-10-03,3745.911071428667
2017-10-04,3647.4682142858087
2017-10-05,3647.4682142858087
2017-10-06,3498.2164285715226
2017-10-09,3498.2164285715226
2017-10-10,3431.9764285715255
2017-10-11,3427.8035714286666
2017-10-12,3359.8921428572394
2017-10-13,3407.9521428572407
2017-10-16,3299.759285714381
2017-10-17,3299.759285714381
2017-10-18,3299.759285714381
2017-10-19,3299.759285714381
2017-10-20,3299.759285714381
2017-10-23,3232.947857142951
2017-10-24,3232.947857142951
2017-10-25,3232.947857142951
2017-10-26,3277.797857142951
2017-10-27,3202.5728571429518
2017-10-30,3202.5728571429518
2017-10-31,3202.5728571429518
2017-11-01,3202.5728571429518
2017-11-02,3202.5728571429518
2017-11-03,3202.5728571429518
2017-11-06,3202.5728571429518
2017-11-07,3202.5728571429518
2017-11-08,3138.2371428572383
2017-11-09,3138.2371428572383
2017-11-10,3138.2371428572383
2017-11-13,3138.2371428572383
2017-11-14,3138.2371428572383
2017-11-15,3138.2371428572383
2017-11-16,3138.2371428572383
2017-11-17,3217.0371428572394
2017-11-20,3075.894285714384
2017-11-21,3075.894285714384
2017-11-22,3075.894285714384
2017-11-23,3075.894285714384
2017-11-24,3075.894285714384
2017-11-27,2952.0392857143843
2017-11-28,2952.0392857143843
2017-11-29,2952.0392857143843
2017-11-30,2895.8442857143837
2017-12-01,2895.8442857143837
2017-12-04,2895.8442857143837
2017-12-05,2911.644285714383
2017-12-06,2962.4442857143868
2017-12-07,3292.0442857143826
2017-12-08,3214.0157142858184
2017-12-11,3203.815714285823
2017-12-12,3086.5850000001014
2017-12-13,3086.5850000001014
2017-12-14,3086.5850000001014
2017-12-15,3086.5850000001014
2017-12-18,3086.5850000001014
2017-12-19,3086.5850000001014
2017-12-20,3023.653571428674
2017-12-21,3023.653571428674
2017-12-22,3329.663571428686
2017-12-26,3883.463571428683
2017-12-27,4162.493571428688
2017-12-28,4719.843571428681
2017-12-29,5265.123571428685
2018-01-02,6350.003571428683
2018-01-03,5736.969285714384
2018-01-04,5691.369285714387
2018-01-05,5622.94357142867
2018-01-08,5622.94357142867
2018-01-09,5622.94357142867
2018-01-10,5622.94357142867
2018-01-11,5622.94357142867
2018-01-12,5403.831071428672
2018-01-15,5439.031071428672
2018-01-16,5293.945357142956
2018-01-17,5293.945357142956
2018-01-18,5293.945357142956
2018-01-19,5293.945357142956
2018-01-22,5293.945357142956
2018-01-23,5293.945357142956
2018-01-24,5681.305357142964
2018-01-25,5450.313928571544
2018-01-26,5450.313928571544
2018-01-29,5450.313928571544
2018-01-30,5450.313928571544
2018-01-31,5450.313928571544
2018-02-01,5450.313928571544
2018-02-02,5342.973928571546
2018-02-05,5342.973928571546
2018-02-06,5292.653928571545
2018-02-07,5232.816428571549
2018-02-08,5156.292142857266
2018-02-09,5156.292142857266
2018-02-12,5156.292142857266
2018-02-13,5156.292142857266
2018-02-14,5116.392142857268
2018-02-15,5157.412142857265
2018-02-16,5127.612142857265
2018-02-19,5127.612142857265
2018-02-20,5127.612142857265
2018-02-21,5127.612142857265
2018-02-22,5127.612142857265
2018-02-23,5127.612142857265
2018-02-26,5127.612142857265
2018-02-27,5114.192142857267
2018-02-28,5027.496428571553
2018-03-01,4927.2692857144075
2018-03-02,4927.2692857144075
2018-03-05,4927.2692857144075
2018-03-06,4927.2692857144075
2018-03-07,4927.2692857144075
2018-03-08,4927.2692857144075
2018-03-09,4927.2692857144075
2018-03-12,4927.2692857144075
2018-03-13,4927.2692857144075
2018-03-14,4927.2692857144075
2018-03-15,4927.2692857144075
2018-03-16,4827.216785714407
2018-03-19,4827.216785714407
2018-03-20,4827.216785714407
2018-03-21,4843.196785714408
2018-03-22,4733.735000000122
2018-03-23,4887.2750000001215
2018-03-26,4994.015000000123
2018-03-27,4881.990714285833
2018-03-28,4881.990714285833
2018-03-29,4881.990714285833
2018-04-02,4881.990714285833
2018-04-03,4881.990714285833
2018-04-04,4881.990714285833
2018-04-05,4881.990714285833
2018-04-06,4881.990714285833
2018-04-09,4881.990714285833
2018-04-10,4881.990714285833
2018-04-11,4899.2835714286875
2018-04-12,4899.2835714286875
2018-04-13,4899.2835714286875
2018-04-16,4899.2835714286875
2018-04-17,4899.2835714286875
2018-04-18,4899.2835714286875
2018-04-19,4899.2835714286875
2018-04-20,4899.2835714286875
2018-04-23,5028.97357142869
2018-04-24,4799.635357142973
2018-04-25,4704.01785714297
2018-04-26,4714.337857142971
2018-04-27,4609.226428571545
2018-04-30,4516.437857142977
2018-05-01,4676.637857142979
2018-05-02,4431.606428571547
2018-05-03,4431.606428571547
2018-05-04,4431.606428571547
2018-05-07,4431.606428571547
2018-05-08,4431.606428571547
2018-05-09,4431.606428571547
2018-05-10,4431.606428571547
2018-05-11,4342.802142857263
2018-05-14,4342.802142857263
2018-05-15,4510.242142857264
2018-05-16,4517.782142857263
2018-05-17,4510.242142857264
2018-05-18,4436.959285714405
2018-05-21,4347.942142857262
2018-05-22,4347.942142857262
2018-05-23,4347.942142857262
2018-05-24,4347.942142857262
2018-05-25,4347.942142857262
2018-05-28,4347.942142857262
2018-05-29,4347.942142857262
2018-05-30,4347.942142857262
2018-05-31,4347.942142857262
2018-06-01,4347.942142857262
2018-06-04,4347.942142857262
2018-06-05,4347.942142857262
2018-06-06,4347.942142857262
2018-06-07,4347.942142857262
2018-06-08,4347.942142857262
2018-06-11,4347.942142857262
2018-06-12,4347.942142857262
2018-06-13,4347.942142857262
2018-06-14,4001.1121428572615
2018-06-15,4058.3521428572626
2018-06-18,4094.1721428572628
2018-06-19,4161.492142857263
2018-06-20,4285.692142857264
2018-06-21,4291.452142857263
2018-06-22,4255.992142857263
2018-06-25,4215.852142857266
2018-06-26,4274.952142857266
2018-06-27,4474.752142857269
2018-06-28,4584.252142857265
2018-06-29,4363.259285714407
2018-07-02,4473.509285714407
2018-07-03,4185.036785714401
2018-07-04,4185.036785714401
2018-07-05,4185.036785714401
2018-07-06,4185.036785714401
2018-07-09,4099.4492857144
2018-07-10,4099.4492857144
2018-07-11,4099.4492857144
2018-07-12,4099.4492857144
2018-07-13,4099.4492857144
2018-07-16,4099.4492857144
2018-07-17,4192.829285714403
2018-07-18,4187.769285714403
2018-07-19,4294.341428571545
2018-07-20,4294.341428571545
2018-07-23,4294.341428571545
2018-07-24,4294.341428571545
2018-07-25,4294.341428571545
2018-07-26,4294.341428571545
2018-07-27,4294.341428571545
2018-07-30,4294.341428571545
2018-07-31,4294.341428571545
2018-08-01,4294.341428571545
2018-08-02,4388.341428571545
2018-08-03,4236.466428571537
2018-08-06,4236.466428571537
2018-08-07,4236.466428571537
2018-08-08,4236.466428571537
2018-08-09,4236.466428571537
2018-08-10,4236.466428571537
2018-08-13,4430.716428571537
2018-08-14,4423.466428571537
2018-08-15,4905.466428571537
2018-08-16,4869.645000000109
2018-08-17,4869.645000000109
2018-08-20,4869.645000000109
2018-08-21,4869.645000000109
2018-08-22,4869.645000000109
2018-08-23,4869.645000000109
2018-08-24,4859.525000000112
2018-08-27,4978.895000000109
2018-08-28,4867.6900000001115
2018-08-29,4867.6900000001115
2018-08-30,4867.6900000001115
2018-08-31,4867.6900000001115
2018-09-03,4867.6900000001115
2018-09-04,4867.6900000001115
2018-09-05,4867.6900000001115
2018-09-06,4867.6900000001115
2018-09-07,4867.6900000001115
2018-09-10,4867.6900000001115
2018-09-11,4768.373571428682
2018-09-12,4768.373571428682
2018-09-13,4673.047857142969
2018-09-14,4673.047857142969
2018-09-17,4673.047857142969
2018-09-18,4673.047857142969
2018-09-19,4673.047857142969
2018-09-20,4673.047857142969
2018-09-21,4673.047857142969
2018-09-24,4673.047857142969
2018-09-25,4673.047857142969
2018-09-26,4673.047857142969
2018-09-27,4791.947857142974
2018-09-28,4619.107857142971
2018-10-01,4619.107857142971
2018-10-02,4619.107857142971
2018-10-03,4619.107857142971
2018-10-04,4619.107857142971
2018-10-05,4619.107857142971
2018-10-08,4619.107857142971
2018-10-09,4619.107857142971
2018-10-10,4619.107857142971
2018-10-11,4971.327857142971
2018-10-12,4816.007857142971
2018-10-15,5015.107857142971
2018-10-16,4940.527857142977
2018-10-17,4940.527857142977
2018-10-18,4940.527857142977
2018-10-19,4940.527857142977
2018-10-22,4940.527857142977
2018-10-23,4840.774285714402
2018-10-24,4840.774285714402
2018-10-25,4840.774285714402
2018-10-26,4743.431785714401
2018-10-29,4743.431785714401
2018-10-30,4743.431785714401
2018-10-31,4823.4717857144005
2018-11-01,4649.119642857256
2018-11-02,4649.119642857256
2018-11-05,4649.119642857256
2018-11-06,4649.119642857256
2018-11-07,4649.119642857256
2018-11-08,4649.119642857256
2018-11-09,4669.11964285726
2018-11-12,4898.119642857257
2018-11-13,4852.369642857258
2018-11-14,4771.548214285843
2018-11-15,4771.548214285843
2018-11-16,4771.548214285843
2018-11-19,4771.548214285843
2018-11-20,4771.548214285843
2018-11-21,4771.548214285843
2018-11-22,4771.548214285843
2018-11-23,4771.548214285843
2018-11-26,4771.548214285843
2018-11-27,4771.548214285843
2018-11-28,4771.548214285843
2018-11-29,4771.548214285843
2018-11-30,4771.548214285843
2018-12-03,4581.070000000132
2018-12-04,4662.320000000132
2018-12-05,4625.320000000131
2018-12-06,4642.8200000001325
2018-12-07,4909.070000000134
2018-12-10,4801.070000000131
2018-12-11,4766.0700000001325
2018-12-12,4766.0700000001325
2018-12-13,4766.0700000001325
2018-12-14,4766.0700000001325
2018-12-17,4766.0700000001325
2018-12-18,4766.0700000001325
2018-12-19,4571.510000000131
2018-12-20,4424.60642857156
2018-12-21,4389.562142857268
2018-12-24,4389.062142857269
2018-12-26,4328.847857142977
2018-12-27,4328.847857142977
2018-12-28,4242.947857142977
2018-12-31,4157.06428571441
2019-01-02,4072.977142857267
2019-01-03,3998.425000000126
2019-01-04,3915.5157142858366
2019-01-07,3915.5157142858366
2019-01-08,3915.5157142858366
2019-01-09,3915.5157142858366
2019-01-10,3915.5157142858366
2019-01-11,3915.5157142858366
2019-01-14,3915.5157142858366
2019-01-15,3915.5157142858366
2019-01-16,3915.5157142858366
2019-01-17,3915.5157142858366
2019-01-18,3915.5157142858366
2019-01-21,3835.698571428694
2019-01-22,3835.698571428694
2019-01-23,3835.698571428694
2019-01-24,3835.698571428694
2019-01-25,3935.498571428694
2019-01-28,3943.8985714286955
2019-01-29,4112.898571428696
2019-01-30,4271.498571428693
2019-01-31,4300.698571428694
2019-02-01,4231.870000000126
2019-02-04,4231.870000000126
2019-02-05,4231.870000000126
2019-02-06,4231.870000000126
2019-02-07,4231.870000000126
2019-02-08,4231.870000000126
2019-02-11,4231.870000000126
2019-02-12,4231.870000000126
2019-02-13,4231.870000000126
2019-02-14,4231.870000000126
2019-02-15,4064.3085714287035
2019-02-18,3994.5985714287
2019-02-19,4296.598571428703
2019-02-20,4237.398571428702
2019-02-21,4191.712857142987
2019-02-22,4191.712857142987
2019-02-25,4191.712857142987
2019-02-26,4191.712857142987
2019-02-27,4191.712857142987
2019-02-28,4229.7128571429885
2019-03-01,4622.912857142986
2019-03-04,4762.112857142986
2019-03-05,4743.712857142985
2019-03-06,4674.598571428703
2019-03-07,4674.598571428703
2019-03-08,4674.598571428703
2019-03-11,4674.598571428703
2019-03-12,4674.598571428703
2019-03-13,4674.598571428703
2019-03-14,4674.598571428703
2019-03-15,4674.598571428703
2019-03-18,4674.598571428703
2019-03-19,4674.598571428703
2019-03-20,4634.308571428704
2019-03-21,4583.685000000132
2019-03-22,4583.685000000132
2019-03-25,4583.685000000132
2019-03-26,4583.685000000132
2019-03-27,4583.685000000132
2019-03-28,4613.895000000135
2019-03-29,4494.1882142858485
2019-04-01,4494.1882142858485
2019-04-02,4404.070714285845
2019-04-03,4404.070714285845
2019-04-04,4316.010714285845
2019-04-05,4316.010714285845
2019-04-08,4316.010714285845
2019-04-09,4316.010714285845
2019-04-10,4334.640714285847
2019-04-11,4229.793928571558
2019-04-12,4229.793928571558
2019-04-15,4229.793928571558
2019-04-16,4285.793928571558
2019-04-17,4367.83392857156
2019-04-18,4287.033928571563
2019-04-22,4287.033928571563
2019-04-23,4201.139642857274
2019-04-24,4201.139642857274
2019-04-25,4201.139642857274
2019-04-26,4201.139642857274
2019-04-29,4201.139642857274
2019-04-30,4201.139642857274
2019-05-01,4201.139642857274
2019-05-02,4201.139642857274
2019-05-03,4201.139642857274
2019-05-06,4201.139642857274
2019-05-07,4201.139642857274
2019-05-08,4114.849285714416
2019-05-09,4114.849285714416
2019-05-10,4114.849285714416
2019-05-13,4338.009285714416
2019-05-14,4253.169285714417
2019-05-15,4241.689285714415
2019-05-16,4150.489285714416
2019-05-17,4107.019285714419
2019-05-20,4103.569285714417
2019-05-21,4171.189285714418
2019-05-22,4135.440714285845
2019-05-23,4135.440714285845
2019-05-24,4135.440714285845
2019-05-27,4135.440714285845
2019-05-28,4135.440714285845
2019-05-29,4135.440714285845
2019-05-30,4135.440714285845
2019-05-31,4864.740714285855
2019-06-03,5851.5907142858505
2019-06-04,5908.200714285845
2019-06-05,6139.230714285841
2019-06-06,6139.230714285841
2019-06-07,6139.230714285841
2019-06-10,6139.230714285841
2019-06-11,6139.230714285841
2019-06-12,6139.230714285841
2019-06-13,6139.230714285841
2019-06-14,6015.363571428697
2019-06-17,6015.363571428697
2019-06-18,6015.363571428697
2019-06-19,6015.363571428697
2019-06-20,6298.753571428698
2019-06-21,6296.944285714416
2019-06-24,6402.574285714415
2019-06-25,6313.879285714414
2019-06-26,6313.879285714414
2019-06-27,6313.879285714414
2019-06-28,6313.879285714414
2019-07-01,6313.879285714414
2019-07-02,6313.879285714414
2019-07-03,6313.879285714414
2019-07-04,6313.879285714414
2019-07-05,6313.879285714414
2019-07-08,6313.879285714414
2019-07-09,6313.879285714414
2019-07-10,6313.879285714414
2019-07-11,6313.879285714414
2019-07-12,6313.879285714414
2019-07-15,6313.879285714414
2019-07-16,6313.879285714414
2019-07-17,6313.879285714414
2019-07-18,6678.859285714418
2019-07-19,6218.745000000133
2019-07-22,6218.745000000133
2019-07-23,6218.745000000133
2019-07-24,6218.745000000133
2019-07-25,6218.745000000133
2019-07-26,6218.745000000133
2019-07-29,6218.745000000133
2019-07-30,6218.745000000133
2019-07-31,6218.745000000133
2019-08-01,6180.456071428705
2019-08-02,5876.276071428704
2019-08-05,6045.39464285728
2019-08-06,6182.544642857279
2019-08-07,6533.284642857279
2019-08-08,6528.474642857281
2019-08-09,6478.294642857279
2019-08-12,6347.1503571429985
2019-08-13,6368.514642857282
2019-08-14,6368.514642857282
2019-08-15,6368.514642857282
2019-08-16,6368.514642857282
2019-08-19,6368.514642857282
2019-08-20,6368.514642857282
2019-08-21,6368.514642857282
2019-08-22,6368.514642857282
2019-08-23,6368.514642857282
2019-08-26,6250.960000000139
2019-08-27,6250.960000000139
2019-08-28,6250.960000000139
2019-08-29,6250.960000000139
2019-08-30,6250.960000000139
2019-09-02,6250.960000000139
2019-09-03,6250.960000000139
2019-09-04,6184.96000000014
2019-09-05,6061.378571428713
2019-09-06,6018.91571428586
2019-09-09,5900.109285714431
2019-09-10,6069.429285714432
2019-09-11,5886.679285714432
2019-09-12,5804.545000000144
2019-09-13,5804.545000000144
2019-09-16,5804.545000000144
2019-09-17,5804.545000000144
2019-09-18,5804.545000000144
2019-09-19,5804.545000000144
2019-09-20,5804.545000000144
2019-09-23,5689.697500000145
2019-09-24,5772.727500000148
2019-09-25,5574.360714285862
2019-09-26,5574.360714285862
2019-09-27,5574.360714285862
2019-09-30,5508.510714285863
2019-10-01,5462.851785714435
2019-10-02,5462.851785714435
2019-10-03,5462.851785714435
2019-10-04,5462.851785714435
2019-10-07,5462.851785714435
2019-10-08,5462.851785714435
2019-10-09,5462.851785714435
2019-10-10,5462.851785714435
2019-10-11,5462.851785714435
2019-10-14,5462.851785714435
2019-10-15,5462.851785714435
2019-10-16,5462.851785714435
2019-10-17,5462.851785714435
2019-10-18,5462.851785714435
2019-10-21,5462.851785714435
2019-10-22,5462.851785714435
2019-10-23,5462.851785714435
2019-10-24,5561.131785714438
2019-10-25,5642.305357143009
2019-10-28,5642.305357143009
2019-10-29,5642.305357143009
2019-10-30,5642.305357143009
2019-10-31,5642.305357143009
2019-11-01,5642.305357143009
2019-11-04,5642.305357143009
2019-11-05,5642.305357143009
2019-11-06,5642.305357143009
2019-11-07,5657.125357143013
2019-11-08,5843.325357143012
2019-11-11,5901.65535714301
2019-11-12,5852.07892857158
2019-11-13,5852.07892857158
2019-11-14,5852.07892857158
2019-11-15,5852.07892857158
2019-11-18,5852.07892857158
2019-11-19,5852.07892857158
2019-11-20,5852.07892857158
2019-11-21,5852.07892857158
2019-11-22,5852.07892857158
2019-11-25,5852.07892857158
2019-11-26,5736.131071428723
2019-11-27,5736.131071428723
2019-11-28,5736.131071428723
2019-11-29,5736.131071428723
2019-12-02,5736.131071428723
2019-12-03,5674.93107142872
2019-12-04,5550.636785714422
2019-12-05,5550.636785714422
2019-12-06,5550.636785714422
2019-12-09,5550.636785714422
2019-12-10,5550.636785714422
2019-12-11,5550.636785714422
2019-12-12,5550.636785714422
2019-12-13,5550.636785714422
2019-12-16,5550.636785714422
2019-12-17,5550.636785714422
2019-12-18,5550.636785714422
2019-12-19,5550.636785714422
2019-12-20,5550.636785714422
2019-12-23,5550.636785714422
2019-12-24,6463.296785714431
2019-12-26,7451.396785714427
2019-12-27,7417.776785714439
2019-12-30,7772.836785714433
2019-12-31,7968.465357143006
2020-01-02,7646.11714285729
2020-01-03,8731.517142857292
2020-01-06,9682.247142857297
2020-01-07,10192.117142857289
2020-01-08,10953.811428571553
2020-01-09,10953.811428571553
2020-01-10,10953.811428571553
2020-01-13,10953.811428571553
2020-01-14,10953.811428571553
2020-01-15,10953.811428571553
2020-01-16,10953.811428571553
2020-01-17,10953.811428571553
2020-01-20,10953.811428571553
2020-01-21,10953.811428571553
2020-01-22,10953.811428571553
2020-01-23,10953.811428571553
2020-01-24,10978.751428571559
2020-01-27,11450.89142857156
2020-01-28,10934.092857142974
2020-01-29,10934.092857142974
2020-01-30,10934.092857142974
2020-01-31,10934.092857142974
2020-02-03,10934.092857142974
2020-02-04,10849.092857142974
2020-02-05,10499.625714285829
2020-02-06,10499.625714285829
2020-02-07,10499.625714285829
2020-02-10,10499.625714285829
2020-02-11,10499.625714285829
2020-02-12,10499.625714285829
2020-02-13,10499.625714285829
2020-02-14,10723.875714285845
2020-02-17,10528.605714285834
2020-02-18,11942.415714285835
2020-02-19,12631.725714285834
2020-02-20,13178.20571428584
2020-02-21,14866.635714285841
2020-02-24,15885.76571428584
2020-02-25,15324.10571428583
2020-02-26,15324.10571428583
2020-02-27,15324.10571428583
2020-02-28,15324.10571428583
2020-03-02,15324.10571428583
2020-03-03,15324.10571428583
2020-03-04,15324.10571428583
2020-03-05,15324.10571428583
2020-03-06,15022.409285714399
2020-03-09,14738.892142857256
2020-03-10,14738.892142857256
2020-03-11,14738.892142857256
2020-03-12,14738.892142857256
2020-03-13,14501.224285714401
2020-03-16,13902.128928571541
2020-03-17,13902.128928571541
2020-03-18,13902.128928571541
2020-03-19,13902.128928571541
2020-03-20,13902.128928571541
2020-03-23,13902.128928571541
2020-03-24,13902.128928571541
2020-03-25,13902.128928571541
2020-03-26,13902.128928571541
2020-03-27,13902.128928571541
2020-03-30,13902.128928571541
2020-03-31,13902.128928571541
2020-04-01,13902.128928571541
2020-04-02,13902.128928571541
2020-04-03,13902.128928571541
2020-04-06,14161.408928571547
2020-04-07,13874.408928571547
2020-04-08,13803.288928571548
2020-04-09,14871.768928571544
2020-04-13,15667.528928571546
2020-04-14,16075.208928571545
2020-04-15,15794.088928571546
2020-04-16,15637.90892857154
2020-04-17,15637.90892857154
2020-04-20,15637.90892857154
2020-04-21,15637.90892857154
2020-04-22,15637.90892857154
2020-04-23,15637.90892857154
2020-04-24,15637.90892857154
2020-04-27,15637.90892857154
2020-04-28,15637.90892857154
2020-04-29,15637.90892857154
2020-04-30,15637.90892857154
2020-05-01,15637.90892857154
2020-05-04,15637.90892857154
2020-05-05,15637.90892857154
2020-05-06,15637.90892857154
2020-05-07,15637.90892857154
2020-05-08,15637.90892857154
2020-05-11,15637.90892857154
2020-05-12,15637.90892857154
2020-05-13,15637.90892857154
2020-05-14,15546.308928571541
2020-05-15,16017.90892857154
2020-05-18,15843.966071428682
2020-05-19,15843.966071428682
2020-05-20,15843.966071428682
2020-05-21,15843.966071428682
2020-05-22,15843.966071428682
2020-05-25,15843.966071428682
2020-05-26,15843.966071428682
2020-05-27,15565.83392857154
2020-05-28,15565.83392857154
2020-05-29,15565.83392857154
2020-06-01,15565.83392857154
2020-06-02,15565.83392857154
2020-06-03,15565.83392857154
2020-06-04,15565.83392857154
2020-06-05,15658.713928571544
2020-06-08,15259.756785714393
2020-06-09,15259.756785714393
2020-06-10,15259.756785714393
2020-06-11,15259.756785714393
2020-06-12,15259.756785714393
2020-06-15,15259.756785714393
2020-06-16,15259.756785714393
2020-06-17,15259.756785714393
2020-06-18,15259.756785714393
2020-06-19,15259.756785714393
2020-06-22,15626.976785714392
2020-06-23,16160.176785714395
2020-06-24,15916.366785714392
2020-06-25,15839.39678571439
2020-06-26,15839.39678571439
2020-06-29,15839.39678571439
2020-06-30,15792.756785714397
2020-07-01,15521.661785714394
2020-07-02,15521.661785714394
2020-07-03,15521.661785714394
2020-07-06,15521.661785714394
2020-07-07,15535.101785714392
2020-07-08,16199.901785714399
2020-07-09,15833.078928571533
2020-07-10,15833.078928571533
2020-07-13,15833.078928571533
2020-07-14,15833.078928571533
2020-07-15,15833.078928571533
2020-07-16,15833.078928571533
2020-07-17,15833.078928571533
2020-07-20,15833.078928571533
2020-07-21,19127.078928571565
2020-07-22,24480.27892857157
2020-07-23,27135.27892857157
2020-07-24,29954.07892857158
2020-07-27,37033.47892857157
2020-07-28,36455.8075000001
2020-07-29,36455.8075000001
2020-07-30,36455.8075000001
2020-07-31,36455.8075000001
2020-08-03,36455.8075000001
2020-08-04,38650.3275000001
2020-08-05,40346.0175000001
2020-08-06,42362.0875000001
2020-08-07,39898.58821428582
2020-08-10,39898.58821428582
2020-08-11,40323.92821428583
2020-08-12,39111.86464285725
2020-08-13,39111.86464285725
2020-08-14,39111.86464285725
2020-08-17,39111.86464285725
2020-08-18,39111.86464285725
2020-08-19,39111.86464285725
2020-08-20,39111.86464285725
2020-08-21,39111.86464285725
2020-08-24,39111.86464285725
2020-08-25,39111.86464285725
2020-08-26,39111.86464285725
2020-08-27,39111.86464285725
2020-08-28,39111.86464285725
2020-08-31,39111.86464285725
2020-09-01,38330.48964285726
2020-09-02,38330.48964285726
2020-09-03,38330.48964285726
2020-09-04,38330.48964285726
2020-09-07,38330.48964285726
2020-09-08,38330.48964285726
2020-09-09,38330.48964285726
2020-09-10,38330.48964285726
2020-09-11,38330.48964285726
2020-09-14,38330.48964285726
2020-09-15,37559.48428571441
2020-09-16,37559.48428571441
2020-09-17,37559.48428571441
2020-09-18,37559.48428571441
2020-09-21,37566.2342857144
2020-09-22,37255.57357142869
2020-09-23,36645.216428571555
2020-09-24,36325.53642857155
2020-09-25,36785.61642857155
2020-09-28,36259.7335714287
2020-09-29,36259.7335714287
2020-09-30,36259.7335714287
2020-10-01,36259.7335714287
2020-10-02,36259.7335714287
2020-10-05,36259.7335714287
2020-10-06,36259.7335714287
2020-10-07,36259.7335714287
2020-10-08,36259.7335714287
2020-10-09,36865.013571428695
2020-10-12,36162.73357142872
2020-10-13,35528.457500000135
2020-10-14,35528.457500000135
2020-10-15,35528.457500000135
2020-10-16,35528.457500000135
2020-10-19,35528.457500000135
2020-10-20,35528.457500000135
2020-10-21,35528.457500000135
2020-10-22,35528.457500000135
2020-10-23,35528.457500000135
2020-10-26,35528.457500000135
2020-10-27,35528.457500000135
2020-10-28,36590.57750000018
2020-10-29,38646.97750000019
2020-10-30,35857.96607142874
2020-11-02,35857.96607142874
2020-11-03,35857.96607142874
2020-11-04,35857.96607142874
2020-11-05,38812.84607142876
2020-11-06,39066.286071428745
2020-11-09,37944.11464285729
2020-11-10,37944.11464285729
2020-11-11,37944.11464285729
2020-11-12,37944.11464285729
2020-11-13,37944.11464285729
2020-11-16,37944.11464285729
2020-11-17,37944.11464285729
2020-11-18,37944.11464285729
2020-11-19,37944.11464285729
2020-11-20,37944.11464285729
2020-11-23,38299.43464285729
2020-11-24,41098.75464285728
2020-11-25,41158.91464285729
2020-11-26,40864.694642857285
2020-11-27,43068.054642857285
2020-11-30,43925.33464285728
2020-12-01,42563.87892857156
2020-12-02,42563.87892857156
2020-12-03,42563.87892857156
2020-12-04,42563.87892857156
2020-12-07,43104.99892857156
2020-12-08,43792.96892857156
2020-12-09,42182.76821428586
2020-12-10,42182.76821428586
2020-12-11,42182.76821428586
2020-12-14,42182.76821428586
2020-12-15,42182.76821428586
2020-12-16,42182.76821428586
2020-12-17,42961.16821428586
2020-12-18,42346.288214285865
2020-12-21,42636.44821428588
2020-12-22,42636.44821428588
2020-12-23,42636.44821428588
2020-12-24,42636.44821428588
2020-12-28,42636.44821428588
2020-12-29,42636.44821428588
2020-12-30,42636.44821428588
2020-12-31,42636.44821428588
2021-01-04,45322.0482142859
2021-01-05,45934.04821428589
2021-01-06,44276.82678571445
2021-01-07,44276.82678571445
2021-01-08,45273.94678571446
2021-01-11,45567.70678571446
2021-01-12,44872.666785714464
2021-01-13,45552.986785714456
2021-01-14,45439.06678571446
2021-01-15,46642.906785714455
2021-01-18,46011.22678571446
2021-01-19,45876.18678571445
2021-01-20,45261.87821428589
2021-01-21,45261.87821428589
2021-01-22,45261.87821428589
2021-01-25,45261.87821428589
2021-01-26,45261.87821428589
2021-01-27,45261.87821428589
2021-01-28,45261.87821428589
2021-01-29,45261.87821428589
2021-02-01,45261.87821428589
2021-02-02,45261.87821428589
2021-02-03,45261.87821428589
2021-02-04,49750.87821428592
2021-02-05,46804.98392857162
2021-02-08,46804.98392857162
2021-02-09,46804.98392857162
2021-02-10,46804.98392857162
2021-02-11,46804.98392857162
2021-02-12,46804.98392857162
2021-02-15,46804.98392857162
2021-02-16,46804.98392857162
2021-02-17,47015.88392857164
2021-02-18,45868.84035714307
2021-02-19,45868.84035714307
2021-02-22,45868.84035714307
2021-02-23,45868.84035714307
2021-02-24,45868.84035714307
2021-02-25,45868.84035714307
2021-02-26,48033.64035714308
2021-03-01,48775.74035714307
2021-03-02,47629.38035714307
2021-03-03,49848.30035714307
2021-03-04,50923.32035714308
2021-03-05,50746.20035714307
2021-03-08,48723.131071428805
2021-03-09,47853.92392857165
2021-03-10,47853.92392857165
2021-03-11,47853.92392857165
2021-03-12,47853.92392857165
2021-03-15,47853.92392857165
2021-03-16,47853.92392857165
2021-03-17,47202.32392857167
2021-03-18,46890.10964285736
2021-03-19,46890.10964285736
2021-03-22,46890.10964285736
2021-03-23,46890.10964285736
2021-03-24,46890.10964285736
2021-03-25,46890.10964285736
2021-03-26,46890.10964285736
2021-03-29,46605.14964285737
2021-03-30,53934.64964285737
2021-03-31,50656.82678571452
2021-04-01,50656.82678571452
2021-04-05,50656.82678571452
2021-04-06,50656.82678571452
2021-04-07,50656.82678571452
2021-04-08,53137.32678571459
2021-04-09,48606.09464285736
2021-04-12,48606.09464285736
2021-04-13,48606.09464285736
2021-04-14,48606.09464285736
2021-04-15,48161.10464285739
2021-04-16,51756.51464285741
2021-04-19,49460.974642857414
2021-04-20,49460.974642857414
2021-04-21,49166.22464285744
2021-04-22,48462.70785714313
2021-04-23,48462.70785714313
2021-04-26,48462.70785714313
2021-04-27,48462.70785714313
2021-04-28,48462.70785714313
2021-04-29,47492.57928571455
2021-04-30,47492.57928571455
2021-05-03,47492.57928571455
2021-05-04,47492.57928571455
2021-05-05,47492.57928571455
2021-05-06,47749.09928571456
2021-05-07,49368.684285714524
2021-05-10,49368.684285714524
2021-05-11,49368.684285714524
2021-05-12,49368.684285714524
2021-05-13,49368.684285714524
2021-05-14,49368.684285714524
2021-05-17,48595.85892857169
2021-05-18,48990.53892857169
2021-05-19,46642.81321428594
2021-05-20,46642.81321428594
2021-05-21,46642.81321428594
2021-05-24,46642.81321428594
2021-05-25,47595.17321428597
2021-05-26,47019.31607142879
2021-05-27,47019.31607142879
2021-05-28,47019.31607142879
2021-05-31,47019.31607142879
2021-06-01,45107.858928571666
2021-06-02,45107.858928571666
2021-06-03,44384.05892857167
2021-06-04,43294.901785714486
2021-06-07,43294.901785714486
2021-06-08,43294.901785714486
2021-06-09,43294.901785714486
2021-06-10,43294.901785714486
2021-06-11,43294.901785714486
2021-06-14,42423.51892857164
2021-06-15,42423.51892857164
2021-06-16,44853.96892857164
2021-06-17,48559.538928571645
2021-06-18,49377.27892857164
2021-06-21,47523.00892857164
2021-06-22,47980.38892857163
2021-06-23,46781.7110714288
2021-06-24,46781.7110714288
2021-06-25,46781.7110714288
2021-06-28,46781.7110714288
2021-06-29,45838.464642857354
2021-06-30,45838.464642857354
2021-07-01,45838.464642857354
2021-07-02,45838.464642857354
2021-07-05,45838.464642857354
2021-07-06,46261.057500000155
2021-07-07,46261.057500000155
2021-07-08,45333.02250000017
2021-07-09,45333.02250000017
2021-07-12,45333.02250000017
2021-07-13,45333.02250000017
2021-07-14,44419.33107142875
2021-07-15,43519.6182142859
2021-07-16,43519.6182142859
2021-07-19,43519.6182142859
2021-07-20,43519.6182142859
2021-07-21,43519.6182142859
2021-07-22,43519.6182142859
2021-07-23,43519.6182142859
2021-07-26,43519.6182142859
2021-07-27,43519.6182142859
2021-07-28,43519.6182142859
2021-07-29,44291.15821428588
2021-07-30,41759.91535714301
2021-08-02,41759.91535714301
2021-08-03,41759.91535714301
2021-08-04,41759.91535714301
2021-08-05,41759.91535714301
2021-08-06,43453.475357143
2021-08-09,46372.93821428588
2021-08-10,46372.93821428588
2021-08-11,46372.93821428588
2021-08-12,46372.93821428588
2021-08-13,46372.93821428588
2021-08-16,46372.93821428588
2021-08-17,46372.93821428588
2021-08-18,46372.93821428588
2021-08-19,46372.93821428588
2021-08-20,46372.93821428588
2021-08-23,48060.49821428591
2021-08-24,47254.44821428586
2021-08-25,45388.28321428595
2021-08-26,45388.28321428595
2021-08-27,46278.72321428594
2021-08-30,44757.88321428598
2021-08-31,44460.272500000334
2021-09-01,44460.272500000334
2021-09-02,44460.272500000334
2021-09-03,41793.86678571463
2021-09-06,40929.04392857179
2021-09-07,40929.04392857179
2021-09-08,40929.04392857179
2021-09-09,40929.04392857179
2021-09-10,40929.04392857179
2021-09-13,40929.04392857179
2021-09-14,40929.04392857179
2021-09-15,40929.04392857179
2021-09-16,44925.06392857181
2021-09-17,44731.86392857181
2021-09-20,43007.66892857184
2021-09-21,43007.66892857184
2021-09-22,43007.66892857184
2021-09-23,43007.66892857184
2021-09-24,43007.66892857184
2021-09-27,43007.66892857184
2021-09-28,42140.018928571844
2021-09-29,41887.13892857186
2021-09-30,41292.47321428615
2021-10-01,41292.47321428615
2021-10-04,41292.47321428615
2021-10-05,41292.47321428615
2021-10-06,41292.47321428615
2021-10-07,41292.47321428615
2021-10-08,40457.71071428616
2021-10-11,40457.71071428616
2021-10-12,40457.71071428616
2021-10-13,41476.11071428616
2021-10-14,41777.26071428617
2021-10-15,40881.34285714329
2021-10-18,40881.34285714329
2021-10-19,40881.34285714329
2021-10-20,40881.34285714329
2021-10-21,40881.34285714329
2021-10-22,40055.69285714331
2021-10-25,40055.69285714331
2021-10-26,40055.69285714331
2021-10-27,40055.69285714331
2021-10-28,40055.69285714331
2021-10-29,40055.69285714331
2021-11-01,40055.69285714331
2021-11-02,40055.69285714331
2021-11-03,38440.49285714329
2021-11-04,38440.49285714329
2021-11-05,38763.41285714329
2021-11-08,39343.01285714331
2021-11-09,40036.6928571433
2021-11-10,41296.764285714715
2021-11-11,41296.764285714715
2021-11-12,41296.764285714715
2021-11-15,41296.764285714715
2021-11-16,40462.12785714329
2021-11-17,40462.12785714329
2021-11-18,40462.12785714329
2021-11-19,40462.12785714329
2021-11-22,41730.227857143305
2021-11-23,43124.327857143304
2021-11-24,43181.927857143295
2021-11-25,43201.7278571433
2021-11-26,42394.23500000045
2021-11-29,42394.23500000045
2021-11-30,42367.37500000046
2021-12-01,41545.916071429034
2021-12-02,40188.95214285761
2021-12-03,39896.3171428576
2021-12-06,39896.3171428576
2021-12-07,39896.3171428576
2021-12-08,39896.3171428576
2021-12-09,39896.3171428576
2021-12-10,39896.3171428576
2021-12-13,39896.3171428576
2021-12-14,39896.3171428576
2021-12-15,38282.96000000048
2021-12-16,39724.26000000049
2021-12-17,39774.18142857186
2021-12-20,39774.18142857186
2021-12-21,39774.18142857186
2021-12-22,39774.18142857186
2021-12-23,39774.18142857186
2021-12-27,39774.18142857186
2021-12-28,38151.08178571476
2021-12-29,38151.08178571476
2021-12-30,38151.08178571476
2021-12-31,36602.472857143315
2022-01-03,36602.472857143315
2022-01-04,36602.472857143315
2022-01-05,36602.472857143315
2022-01-06,36448.24285714333
2022-01-07,35868.07892857188
2022-01-10,35868.07892857188
2022-01-11,35868.07892857188
2022-01-12,35868.07892857188
2022-01-13,35868.07892857188
2022-01-14,35868.07892857188
2022-01-17,35868.07892857188
2022-01-18,35868.07892857188
2022-01-19,36341.29892857194
2022-01-20,36078.39892857191
2022-01-21,34417.861071429026
2022-01-24,34417.861071429026
2022-01-25,33027.96392857187
2022-01-26,33027.96392857187
2022-01-27,32328.608571429017
2022-01-28,32609.92071428616
2022-01-31,32609.92071428616
2022-02-01,32609.92071428616
2022-02-02,32609.92071428616
2022-02-03,32609.92071428616
2022-02-04,32609.92071428616
2022-02-07,32609.92071428616
2022-02-08,31946.036071429015
2022-02-09,31713.156071429
2022-02-10,30667.641428571893
2022-02-11,30776.391428571897
2022-02-14,31733.391428571897
2022-02-15,30706.480714286172
2022-02-16,30706.480714286172
2022-02-17,31665.060714286177
2022-02-18,31590.44071428617
2022-02-21,32092.28071428618
2022-02-22,31116.890714286157
2022-02-23,31116.890714286157
2022-02-24,32381.390714286168
2022-02-25,32381.390714286168
2022-02-28,32381.390714286168
2022-03-01,32381.390714286168
2022-03-02,32381.390714286168
2022-03-03,32381.390714286168
2022-03-04,32381.390714286168
