open,close,dir,lots,entry,exit,pnl,R
2012-06-01 17:00:00,2012-06-06 21:00:00,1,0.01,1600.56,1620.0614285714287,19.431428571428732,1.5142356182683574
2012-06-21 17:00:00,2012-06-21 17:45:00,-1,0.01,1579.48,1587.6014285714286,-8.191428571428624,-1.0086191732629708
2012-06-21 19:00:00,2012-06-25 18:45:00,-1,0.01,1573.92,1578.8142857142857,-4.964285714285616,-0.5087661505801263
2012-06-28 18:00:00,2012-06-29 06:00:00,-1,0.01,1554.51,1561.5525,-7.1125000000000185,-1.0099396521121782
2012-07-03 16:00:00,2012-07-05 14:45:00,1,0.01,1616.27,1611.402857142857,-4.937142857142881,-0.9190267251695279
2012-07-12 14:00:00,2012-07-12 18:45:00,-1,0.01,1564.14,1568.775,-4.704999999999991,-1.0151024811218916
2012-07-25 16:00:00,2012-07-30 15:30:00,1,0.01,1602.1599999999999,1615.0064285714286,12.776428571428761,1.9924255082150066
2012-08-21 16:00:00,2012-08-22 20:30:00,1,0.01,1636.6,1635.9664285714287,-0.7035714285712584,-0.16726099507552517
2012-08-22 22:00:00,2012-08-28 03:30:00,1,0.01,1653.87,1662.7507142857141,8.810714285714248,1.2128810226155273
2012-08-31 19:00:00,2012-09-06 15:30:00,1,0.01,1680.1599999999999,1698.0678571428573,17.837857142857438,2.215686274509864
2012-09-07 16:00:00,2012-09-12 15:45:00,1,0.01,1725.2199999999998,1736.6064285714285,11.316428571428723,1.2776097737994525
2012-09-13 20:00:00,2012-09-17 21:00:00,1,0.01,1752.98,1760.1707142857144,7.1207142857144206,0.9043407266294932
2012-09-21 16:00:00,2012-09-21 16:30:00,1,0.01,1786.86,1781.5349999999999,-5.395000000000046,-1.013145539906111
2012-09-26 16:00:00,2012-09-26 20:30:00,-1,0.01,1746.7,1752.6571428571428,-6.027142857142799,-1.0117505995203755
2012-10-01 17:00:00,2012-10-01 17:30:00,1,0.01,1787.9299999999998,1781.2892857142856,-6.710714285714239,-1.0105410347423827
2012-10-05 05:00:00,2012-10-05 11:15:00,1,0.01,1795.4399999999998,1788.9396428571426,-6.570357142857183,-1.0107686390857695
2012-10-12 21:00:00,2012-10-16 17:00:00,-1,0.01,1753.6,1746.7157142857143,6.814285714285624,1.0927835051546195
2012-10-19 19:00:00,2012-10-22 07:30:00,-1,0.01,1719.09,1725.9032142857143,-6.883214285714367,-1.0102741521203604
2012-10-23 13:00:00,2012-10-25 10:45:00,-1,0.01,1712.74,1716.207857142857,-3.5378571428569283,-0.791846522781743
2012-11-02 15:00:00,2012-11-06 12:00:00,-1,0.01,1695.44,1690.8764285714287,4.493571428571322,0.7462633451957111
2012-11-08 22:00:00,2012-11-12 19:15:00,1,0.01,1734.07,1726.45,-7.689999999999891,-1.0091863517060238
2012-11-23 18:00:00,2012-11-27 17:15:00,1,0.01,1746.1499999999999,1743.4764285714282,-2.7435714285716766,-0.6290018832392277
2012-12-04 08:00:00,2012-12-04 09:30:00,-1,0.01,1700.76,1706.0667857142857,-5.376785714285752,-1.013190658859958
2012-12-04 16:00:00,2012-12-04 17:00:00,-1,0.01,1694.09,1700.3782142857142,-6.358214285714275,-1.0111319361617392
2012-12-05 18:00:00,2012-12-05 18:45:00,-1,0.01,1686.15,1692.0385714285715,-5.958571428571368,-1.0118874332848022
2012-12-18 19:00:00,2012-12-18 19:15:00,-1,0.01,1673.37,1678.7346428571427,-5.434642857142826,-1.0130483989081907
2012-12-18 21:00:00,2012-12-19 01:30:00,-1,0.01,1667.8,1674.8542857142857,-7.124285714285698,-1.0099230457675092
2012-12-20 16:00:00,2012-12-21 17:30:00,-1,0.01,1652.51,1657.8264285714286,-5.38642857142856,-1.0131667338438755
2013-01-04 13:00:00,2013-01-04 14:30:00,-1,0.01,1628.95,1637.944642857143,-9.064642857142935,-1.0077824101647916
2013-01-17 18:00:00,2013-01-18 21:00:00,1,0.01,1686.6899999999998,1684.4842857142858,-2.275714285714066,-0.3290982336535166
2013-01-25 16:00:00,2013-01-29 09:30:00,-1,0.01,1661.85,1664.3792857142857,-2.5992857142858337,-0.5542609092986349
2013-02-11 14:00:00,2013-02-12 19:00:00,-1,0.01,1656.17,1652.7528571428572,3.347142857142835,0.9076118535734958
2013-02-14 20:00:00,2013-02-18 03:45:00,-1,0.01,1634.47,1618.395,16.005000000000045,2.3045356371490366
2013-02-20 13:00:00,2013-02-21 17:45:00,-1,0.01,1594.32,1583.5821428571428,10.667857142857137,2.9501234567901413
2013-03-18 02:00:00,2013-03-18 03:15:00,1,0.01,1604.31,1598.6817857142855,-5.698214285714421,-1.012437337394525
2013-03-18 15:00:00,2013-03-20 20:00:00,1,0.01,1607.07,1604.4914285714287,-2.6485714285711945,-0.35228730226589067
2013-04-02 16:00:00,2013-04-05 15:30:00,-1,0.01,1585.35,1562.9042857142858,22.375714285714075,5.407560849300845
2013-04-12 16:00:00,2013-04-18 10:30:00,-1,0.01,1537.8,1385.7792857142854,151.95071428571458,22.408068678569357
2013-04-26 03:00:00,2013-04-26 10:30:00,1,0.01,1473.52,1464.390357142857,-9.199642857142926,-1.0076673316903382
2013-05-10 15:00:00,2013-05-10 22:15:00,-1,0.01,1432.31,1440.6671428571428,-8.42714285714289,-1.0083760683760723
2013-05-15 10:00:00,2013-05-20 19:00:00,-1,0.01,1413.41,1381.4321428571427,31.907857142857374,4.918359482521335
2013-05-31 05:00:00,2013-05-31 10:15:00,1,0.01,1420.8999999999999,1413.5521428571426,-7.417857142857266,-1.009526586954413
2013-06-11 11:00:00,2013-06-11 17:15:00,-1,0.01,1372.67,1377.809642857143,-5.209642857142917,-1.0136196233757369
2013-06-18 18:00:00,2013-06-19 14:30:00,-1,0.01,1364.82,1370.9271428571428,-6.17714285714289,-1.011461988304099
2013-06-19 22:00:00,2013-06-28 19:45:00,-1,0.01,1358.84,1222.1092857142855,136.6607142857144,21.596681341009013
2013-07-11 02:00:00,2013-07-12 09:45:00,1,0.01,1288.6499999999999,1276.1260714285713,-12.593928571428542,-1.0055893004819334
2013-07-22 02:00:00,2013-07-24 18:15:00,1,0.01,1313.6699999999998,1329.0000000000002,15.260000000000382,2.1430434346474447
2013-08-02 02:00:00,2013-08-02 15:30:00,-1,0.01,1303.37,1309.4178571428567,-6.117857142856856,-0.781977540399854
2013-08-06 17:00:00,2013-08-08 03:45:00,-1,0.01,1281.81,1290.8764285714285,-9.13642857142856,-1.0077207909871555
2013-08-12 17:00:00,2013-08-13 03:00:00,1,0.01,1339.6999999999998,1332.272857142857,-7.497142857142827,-1.009424889401805
2013-08-15 20:00:00,2013-08-20 08:45:00,1,0.01,1358.56,1357.2142857142858,-1.4157142857141662,-0.13249105919314394
2013-08-23 18:00:00,2013-08-29 03:30:00,1,0.01,1395.6799999999998,1413.872857142857,18.122857142857065,2.548925055254179
2013-09-05 18:00:00,2013-09-06 15:30:00,-1,0.01,1367.94,1386.79,-18.91999999999991,-2.1298596872110256
2013-09-10 17:00:00,2013-09-10 17:30:00,-1,0.01,1358.04,1364.6421428571427,-6.672142857142781,-1.0106026181975487
2013-09-12 10:00:00,2013-09-16 01:00:00,-1,0.02,1344.9,1329.61,30.440000000000385,2.79247755717193
2013-09-18 04:00:00,2013-09-18 10:30:00,-1,0.01,1299.5,1306.7171428571428,-7.287142857142791,-1.0096991290577841
2013-10-01 16:00:00,2013-10-02 15:15:00,-1,0.01,1293.11,1301.8657142857141,-8.825714285714248,-1.0079947789198844
2013-10-11 16:00:00,2013-10-14 09:45:00,-1,0.01,1267.1,1276.1246428571428,-9.094642857142908,-1.0077565396335513
2013-10-15 12:00:00,2013-10-15 14:30:00,-1,0.01,1256.36,1263.0864285714285,-6.796428571428642,-1.0104067112668687
2013-10-22 16:00:00,2013-10-29 09:45:00,1,0.01,1328.54,1344.4271428571428,15.817142857142864,2.7817348156522876
2013-11-01 17:00:00,2013-11-01 18:30:00,-1,0.02,1308.97,1314.544642857143,-11.289285714285725,-1.0125568582228217
2013-11-07 16:00:00,2013-11-07 17:00:00,-1,0.01,1303.85,1311.407857142857,-7.627857142857075,-1.009261884509959
2013-11-08 16:00:00,2013-11-14 01:00:00,-1,0.01,1294.75,1284.2099999999998,10.47000000000019,1.8371874412483629
2013-11-20 17:00:00,2013-11-20 17:15:00,-1,0.02,1256.77,1262.4185714285713,-11.437142857142717,-1.012392513909956
2013-11-20 22:00:00,2013-11-25 16:30:00,-1,0.01,1242.25,1242.4664285714287,-0.2864285714286507,-0.028885287232134644
2013-12-02 19:00:00,2013-12-04 15:15:00,-1,0.04,1226.72,1223.975,10.700000000000474,0.5211159813539546
2013-12-10 16:00:00,2013-12-11 10:30:00,1,0.01,1259.9499999999998,1254.245714285714,-5.774285714285789,-1.0122714750814097
2013-12-19 11:00:00,2013-12-20 18:45:00,-1,0.01,1205.9,1207.1464285714285,-1.316428571428396,-0.10312797269317589
2014-01-06 04:00:00,2014-01-06 11:00:00,1,0.01,1242.58,1236.7439285714283,-5.906071428571586,-1.0119943699896148
2014-01-13 04:00:00,2014-01-13 15:00:00,1,0.01,1251.3999999999999,1244.7710714285713,-6.698928571428559,-1.010559775874152
2014-01-20 02:00:00,2014-01-20 20:45:00,1,0.03,1256.52,1250.15,-19.319999999999673,-1.1703011422637521
2014-01-24 14:00:00,2014-01-24 15:15:00,1,0.04,1270.85,1266.4314285714286,-17.954285714285362,-1.0158422243776124
2014-01-27 02:00:00,2014-01-27 08:45:00,1,0.02,1275.9199999999998,1268.5271428571427,-14.925714285714221,-1.009468599033812
2014-02-11 03:00:00,2014-02-11 15:30:00,1,0.05,1280.54,1276.702142857143,-19.539285714285235,-1.0182393448724876
2014-02-11 18:00:00,2014-02-18 08:00:00,1,0.01,1290.23,1316.4507142857144,26.15071428571439,3.8190163250404456
2014-02-24 12:00:00,2014-02-24 16:00:00,1,0.03,1334.1799999999998,1329.1164285714285,-15.400714285713967,-1.0138242347298425
2014-02-25 18:00:00,2014-02-26 14:30:00,1,0.04,1340.05,1335.6335714285715,-17.945714285713876,-1.0158499110463937
2014-03-03 10:00:00,2014-03-03 12:00:00,1,0.02,1349.74,1342.9117857142858,-13.796428571428478,-1.0102515821957143
2014-03-03 18:00:00,2014-03-04 08:00:00,1,0.03,1352.99,1347.5717857142856,-16.464642857143154,-1.0129193856700387
2014-03-12 04:00:00,2014-03-17 20:00:00,1,0.01,1358.36,1369.4892857142856,11.059285714285743,1.6337448559670746
2014-03-20 14:00:00,2014-03-20 16:00:00,-1,0.01,1323.03,1328.6635714285715,-5.703571428571486,-1.012425510333476
2014-03-24 15:00:00,2014-03-31 03:30:00,-1,0.01,1315.65,1298.4964285714282,17.083571428571922,2.9197338704755462
2014-03-31 21:00:00,2014-04-02 14:45:00,-1,0.03,1283.04,1288.2964285714286,-15.979285714285842,-1.0133170267699416
2014-04-10 05:00:00,2014-04-15 09:15:00,1,0.03,1317.03,1318.0114285714285,2.73428571428557,0.15776458951532285
2014-04-21 06:00:00,2014-04-21 11:30:00,-1,0.01,1284.34,1291.0632142857141,-6.793214285714222,-1.0104116865869794
2014-04-22 18:00:00,2014-04-23 04:15:00,-1,0.01,1281.76,1286.4453571428571,-4.755357142857129,-1.014940163122186
2014-04-24 15:00:00,2014-04-24 16:00:00,-1,0.04,1271.57,1275.6864285714285,-16.745714285714058,-1.0170050321013204
2014-05-05 11:00:00,2014-05-06 14:45:00,1,0.01,1310.3899999999999,1306.0535714285716,-4.4064285714283145,-0.9194425814143492
2014-05-27 16:00:00,2014-06-05 15:45:00,-1,0.04,1277.27,1247.768571428571,117.72571428571584,7.579838116262055
2014-06-10 16:00:00,2014-06-16 16:30:00,1,0.07,1261.4499999999998,1275.8164285714288,100.0750000000028,4.836293342998701
2014-06-19 16:00:00,2014-06-25 04:45:00,1,0.07,1289.23,1315.6278571428572,184.29500000000056,8.240330874133669
2014-06-30 21:00:00,2014-07-02 15:15:00,1,0.03,1327.52,1323.005,-13.754999999999619,-1.0155038759689672
2014-07-10 13:00:00,2014-07-10 18:15:00,1,0.06,1341.35,1336.7107142857142,-28.255714285714404,-1.0150885296381778
2014-07-14 17:00:00,2014-07-15 12:15:00,-1,0.04,1306.4,1313.2367857142858,-27.6271428571429,-1.0102387295617148
2014-07-15 18:00:00,2014-07-16 16:30:00,-1,0.02,1296.0,1301.5082142857143,-11.156428571428606,-1.012708292809442
2014-07-24 17:00:00,2014-07-25 18:00:00,-1,0.02,1291.88,1297.1578571428572,-10.695714285714203,-1.013262958451731
2014-07-31 20:00:00,2014-08-01 15:30:00,-1,0.05,1282.14,1287.0610714285715,-24.95535714285698,-1.014224544596832
2014-08-08 06:00:00,2014-08-08 15:15:00,1,0.05,1315.35,1310.3464285714285,-25.367857142856888,-1.0139900071377377
2014-08-20 22:00:00,2014-08-26 07:30:00,-1,0.06,1290.1,1283.202857142857,40.96285714285711,1.6901856763925798
2014-09-02 14:00:00,2014-09-03 14:15:00,-1,0.06,1270.91,1269.6764285714285,6.981428571429733,0.27095808383237935
2014-09-05 02:00:00,2014-09-05 05:45:00,-1,0.04,1258.23,1264.3842857142856,-24.897142857142427,-1.0113741875580171
2014-09-08 18:00:00,2014-09-16 13:15:00,-1,0.07,1257.09,1241.955714285714,105.45000000000097,3.9218967921897496
2014-09-17 23:00:00,2014-09-19 06:45:00,-1,0.02,1223.02,1228.54,-11.179999999999964,-1.012681159420287
2014-09-22 05:00:00,2014-09-22 18:45:00,-1,0.02,1211.89,1217.4410714285716,-11.242142857143008,-1.0126101782152885
2014-10-03 16:00:00,2014-10-06 17:45:00,-1,0.03,1202.37,1202.405714285714,-0.3171428571426622,-0.02421267893659044
2014-10-09 09:00:00,2014-10-10 04:45:00,1,0.02,1226.4399999999998,1220.6682142857142,-11.68357142857134,-1.0121279623785515
2014-10-15 17:00:00,2014-10-17 17:00:00,1,0.02,1240.03,1233.3282142857142,-13.543571428571468,-1.0104449773514597
2014-10-21 11:00:00,2014-10-21 12:30:00,1,0.04,1252.1,1249.0539285714285,-12.464285714285579,-1.02298041974438
2014-10-29 15:00:00,2014-10-29 15:15:00,-1,0.12,1221.94,1224.2639285714286,-28.72714285714195,-1.0301214077147336
2014-10-29 21:00:00,2014-11-07 14:45:00,-1,0.03,1213.55,1147.1614285714286,198.9557142857141,16.03557858376504
2014-11-14 20:00:00,2014-11-19 17:30:00,1,0.01,1188.52,1190.1771428571428,1.587142857142844,0.1668731928954964
2014-11-28 20:00:00,2014-12-01 11:45:00,-1,0.02,1166.48,1173.5632142857144,-14.306428571428697,-1.0098825190339367
2014-12-01 20:00:00,2014-12-02 10:30:00,1,0.01,1215.48,1200.9117857142858,-14.638214285714248,-1.0048049814910143
2014-12-09 17:00:00,2014-12-11 11:30:00,1,0.02,1225.03,1218.4439285714284,-13.312142857143172,-1.0106284908627674
2014-12-22 19:00:00,2014-12-26 09:00:00,-1,0.03,1181.33,1186.74,-16.440000000000246,-1.0098058571898738
2015-01-06 12:00:00,2015-01-06 13:45:00,1,0.03,1213.61,1209.2075,-13.417499999999754,-1.0159000567858947
2015-01-06 19:00:00,2015-01-07 07:30:00,1,0.02,1219.8899999999999,1212.9160714285713,-14.087857142857176,-1.0100373841347843
2015-01-12 02:00:00,2015-01-12 10:15:00,1,0.02,1225.79,1219.6517857142856,-12.416428571428824,-1.0114039681154452
2015-01-12 21:00:00,2015-01-14 04:00:00,1,0.02,1233.1,1226.4496428571426,-13.440714285714549,-1.0105257504967644
2015-01-15 13:00:00,2015-01-21 17:15:00,1,0.02,1246.1,1285.905,79.47000000000013,5.38884045335658
2015-02-06 16:00:00,2015-02-13 17:00:00,-1,0.03,1246.55,1234.6671428571426,35.43857142857204,2.2643937838023125
2015-02-17 17:00:00,2015-02-18 21:00:00,-1,0.02,1210.46,1212.0607142857143,-3.341428571428551,-0.2680648673428448
2015-02-23 11:00:00,2015-02-23 14:45:00,-1,0.03,1192.97,1197.6307142857142,-14.192142857142663,-1.0150191570881035
2015-03-06 16:00:00,2015-03-10 14:15:00,-1,0.03,1182.33,1169.5157142857138,38.23285714285843,2.612489933377376
2015-03-11 17:00:00,2015-03-12 07:45:00,-1,0.04,1151.81,1156.3882142857142,-18.592857142856957,-1.0152898041968739
2015-03-20 16:00:00,2015-03-26 12:30:00,1,0.03,1178.1999999999998,1208.462857142857,90.57857142857169,6.309896999552243
2015-04-06 11:00:00,2015-04-06 12:30:00,1,0.04,1222.4299999999998,1218.1914285714283,-17.234285714286017,-1.0165149983148154
2015-04-24 17:00:00,2015-04-27 14:30:00,-1,0.04,1182.1,1186.0921428571428,-16.248571428571523,-1.0175344426552342
2015-04-28 18:00:00,2015-04-29 09:15:00,1,0.04,1213.33,1208.8567857142857,-18.172857142856884,-1.0156487025947905
2015-05-01 16:00:00,2015-05-01 16:45:00,-1,0.05,1173.32,1177.087142857143,-19.18571428571486,-1.0185817216534157
2015-05-13 16:00:00,2015-05-15 13:00:00,1,0.04,1204.5,1213.4121428571427,35.3685714285709,1.966793771846172
2015-05-18 09:00:00,2015-05-18 14:30:00,1,0.05,1229.54,1226.2110714285714,-16.994642857143027,-1.021027786718168
2015-05-26 13:00:00,2015-05-29 15:30:00,-1,0.04,1194.29,1191.99,8.919999999999819,0.5357357357357166
2015-06-04 16:00:00,2015-06-05 18:00:00,-1,0.04,1178.93,1170.8999999999999,31.8400000000008,2.02434150772029
2015-06-18 12:00:00,2015-06-22 10:45:00,1,0.03,1196.24,1195.462142857143,-2.543571428571304,-0.16708896396395612
2015-07-02 10:00:00,2015-07-02 15:30:00,-1,0.17,1165.45,1164.390714285714,16.817857142862575,0.438013915243655
2015-07-07 18:00:00,2015-07-07 19:00:00,-1,0.04,1153.36,1157.9392857142857,-18.597142857143155,-1.0152862267976968
2015-07-08 10:00:00,2015-07-08 10:45:00,-1,0.04,1147.78,1152.4975,-19.149999999999892,-1.0148383677795338
2015-07-15 18:00:00,2015-07-15 19:15:00,-1,0.06,1145.53,1148.7175,-19.545,-1.0219607843137255
2015-07-17 16:00:00,2015-07-20 04:15:00,-1,0.16,1139.45,1083.5021428571429,894.0457142857148,24.100123228589187
2015-07-20 05:00:00,2015-07-20 09:30:00,-1,0.03,1106.44,1117.1285714285716,-32.27571428571465,-1.0065490510558743
2015-08-10 19:00:00,2015-08-10 20:15:00,1,0.08,1107.1599999999999,1103.1046428571426,-33.00285714285798,-1.017261118450044
2015-08-11 11:00:00,2015-08-11 13:15:00,1,0.04,1115.86,1107.7407142857141,-32.75714285714301,-1.0086214480513789
2015-08-12 18:00:00,2015-08-13 14:15:00,1,0.05,1122.37,1115.9714285714283,-32.34285714285793,-1.010939941951341
2015-08-19 17:00:00,2015-08-21 12:45:00,1,0.08,1127.4499999999998,1149.070714285714,172.40571428571405,5.550220750551902
2015-09-09 17:00:00,2015-09-10 16:00:00,-1,0.25,1111.18,1113.3478571428573,-55.94642857143003,-0.7443573295319703
2015-09-11 17:00:00,2015-09-11 19:00:00,-1,0.2,1100.23,1103.7378571428571,-71.5571428571424,-1.0199552026063725
2015-09-17 22:00:00,2015-09-18 05:30:00,1,0.07,1132.53,1127.8810714285714,-33.0324999999998,-1.0150572328493477
2015-09-18 13:00:00,2015-09-18 15:00:00,1,0.08,1136.9699999999998,1133.0517857142854,-31.905714285715074,-1.017865281195888
2015-09-18 16:00:00,2015-09-18 17:15:00,1,0.07,1140.3799999999999,1135.847857142857,-32.21499999999992,-1.0154452324664909
2015-09-24 17:00:00,2015-09-25 05:30:00,1,0.07,1153.1899999999998,1148.6771428571426,-32.0800000000006,-1.0155112377334816
2015-09-30 16:00:00,2015-10-02 15:30:00,-1,0.07,1116.75,1111.7471428571428,34.53000000000066,1.1673427991886618
2015-10-09 18:00:00,2015-10-13 05:15:00,1,0.05,1158.4199999999998,1157.1785714285713,-6.557142857142571,-0.21477452184592935
2015-10-14 05:00:00,2015-10-14 12:30:00,1,0.06,1173.8899999999999,1169.0685714285712,-29.348571428572015,-1.0145185185185388
2015-10-14 21:00:00,2015-10-15 15:30:00,1,0.04,1185.28,1178.9364285714287,-25.65428571428518,-0.9118050266564979
2015-10-28 21:00:00,2015-11-09 11:30:00,-1,0.04,1155.84,1095.1200000000001,242.5999999999992,8.382447307369539
2015-11-11 20:00:00,2015-11-12 02:30:00,-1,0.11,1084.99,1088.3157142857142,-37.35285714285603,-1.0210481099656066
2015-11-12 16:00:00,2015-11-12 16:30:00,-1,0.13,1080.05,1082.7607142857141,-36.149285714284275,-1.0258234519103786
2015-11-17 19:00:00,2015-11-17 20:30:00,-1,0.07,1066.16,1071.2225,-35.92750000000001,-1.0138271604938176
2015-11-27 16:00:00,2015-11-27 16:30:00,-1,0.08,1055.56,1059.5114285714285,-32.17142857142841,-1.017715112075197
2015-12-03 04:00:00,2015-12-03 14:30:00,-1,0.14,1050.05,1054.930357142857,-69.30499999999891,-1.0143432125868859
2015-12-04 18:00:00,2015-12-07 16:30:00,1,0.05,1083.9299999999998,1077.7210714285711,-31.394642857143573,-1.0112740868564998
2015-12-17 17:00:00,2015-12-18 08:00:00,-1,0.05,1050.6,1056.2935714285713,-28.817857142857157,-1.012294567808295
2016-01-06 15:00:00,2016-01-06 15:15:00,1,0.16,1088.98,1082.12,-110.88000000000204,-1.8338531329742456
2016-01-06 17:00:00,2016-01-08 11:15:00,1,0.11,1090.48,1096.912857142857,69.99142857142782,1.2117254981976395
2016-01-26 04:00:00,2016-01-28 16:00:00,1,0.08,1110.09,1115.9214285714286,46.091428571429276,1.512185976752931
2016-02-01 23:00:00,2016-02-02 05:45:00,1,0.08,1129.8,1126.0242857142857,-30.76571428571384,-1.0185395384033211
2016-02-03 18:00:00,2016-02-05 15:45:00,1,0.06,1137.9599999999998,1152.6985714285713,88.01142857142901,2.971064814814835
2016-02-05 23:00:00,2016-02-08 01:00:00,1,0.04,1174.1899999999998,1166.8046428571427,-29.821428571428697,-1.0094782146138663
2016-02-08 13:00:00,2016-02-15 03:15:00,1,0.05,1176.1699999999998,1223.5614285714285,236.60714285714306,7.856041740780237
2016-03-03 18:00:00,2016-03-04 15:30:00,1,0.06,1254.1799999999998,1253.7614285714285,-2.9314285714280413,-0.08770917484129975
2016-03-04 17:00:00,2016-03-04 17:45:00,1,0.04,1276.57,1267.972857142857,-34.668571428571596,-1.0081422399468336
2016-03-23 15:00:00,2016-03-29 16:00:00,-1,0.06,1223.37,1223.7035714285714,-2.421428571429187,-0.06901184805180678
2016-04-11 02:00:00,2016-04-13 08:00:00,1,0.05,1245.23,1249.9792857142857,23.396428571428167,0.7549409392105934
2016-04-21 16:00:00,2016-04-21 16:15:00,1,0.05,1269.1899999999998,1262.760357142857,-32.498214285714404,-1.0108870743765006
2016-04-29 05:00:00,2016-05-02 21:00:00,1,0.05,1274.1899999999998,1287.582142857143,66.610714285716,2.1283806915440517
2016-05-19 09:00:00,2016-05-20 02:15:00,-1,0.06,1253.0,1259.0814285714287,-36.90857142857196,-1.0115104533709374
2016-05-24 10:00:00,2016-05-26 04:15:00,-1,0.09,1242.82,1231.8792857142857,97.83642857142773,2.9374638100752533
2016-05-27 06:00:00,2016-05-27 06:30:00,-1,0.07,1213.39,1218.4835714285716,-36.14500000000066,-1.01374281306971
2016-05-27 22:00:00,2016-05-31 05:00:00,-1,0.06,1208.74,1214.3253571428572,-33.93214285714332,-1.0125327706375116
2016-06-08 10:00:00,2016-06-16 20:00:00,1,0.11,1250.62,1294.047142857143,476.9285714285736,13.254722131237205
2016-06-24 07:00:00,2016-06-24 07:00:00,1,0.02,1337.33,1317.7967857142855,-39.20642857142879,-1.0035836395882505
2016-07-06 02:00:00,2016-07-07 16:30:00,1,0.06,1359.59,1353.7464285714286,-35.48142857142777,-0.884792134231042
2016-07-14 12:00:00,2016-07-14 18:15:00,-1,0.08,1325.41,1330.7735714285716,-43.468571428572034,-1.0130510054601298
2016-07-20 15:00:00,2016-07-21 12:15:00,-1,0.09,1318.19,1322.9685714285715,-43.63714285714321,-1.0146487294469357
2016-07-27 23:00:00,2016-07-28 17:45:00,1,0.15,1341.29,1335.5664285714286,-86.90357142857106,-1.0122301260451838
2016-07-29 19:00:00,2016-08-03 17:15:00,1,0.04,1349.6399999999999,1355.18,21.880000000000763,0.6553701326487208
2016-08-24 16:00:00,2016-08-26 14:00:00,-1,0.22,1331.05,1327.3585714285712,79.67142857143331,0.9662664379646205
2016-08-29 05:00:00,2016-09-01 17:00:00,-1,0.09,1316.82,1312.3421428571428,39.67071428571432,0.4668633681343632
2016-09-06 20:00:00,2016-09-08 02:15:00,1,0.21,1346.6899999999998,1342.5242857142855,-88.95000000000093,-1.0168038408779287
2016-09-15 17:00:00,2016-09-15 17:45:00,-1,0.19,1311.32,1315.667857142857,-83.93928571428371,-1.016099885000799
2016-09-22 16:00:00,2016-09-23 05:00:00,1,0.3,1337.49,1334.7975,-82.87500000000327,-1.0259981429898226
2016-10-04 06:00:00,2016-10-07 15:30:00,-1,0.21,1309.27,1264.3992857142855,940.8150000000041,12.470623322397833
2016-10-07 19:00:00,2016-10-07 19:45:00,-1,0.08,1246.15,1253.2803571428572,-57.60285714285652,-1.0098171800651037
2016-10-19 13:00:00,2016-10-19 17:15:00,1,0.39,1270.6999999999998,1267.8017857142856,-115.76035714285284,-1.02415280345039
2016-10-25 22:00:00,2016-10-26 13:15:00,1,0.32,1275.34,1271.9296428571427,-111.37142857143247,-1.0205257094984077
2016-10-28 21:00:00,2016-10-28 21:15:00,1,0.18,1282.8799999999999,1277.1317857142856,-104.7278571428576,-1.0121776949363228
2016-11-01 13:00:00,2016-11-03 10:45:00,1,0.32,1284.75,1293.7114285714288,284.5257142857206,2.8478609013956593
2016-11-09 06:00:00,2016-11-09 10:00:00,1,0.03,1321.06,1306.9160714285713,-42.64178571428598,-1.0049491200161684
2016-11-10 19:00:00,2016-11-25 09:00:00,-1,0.05,1261.84,1187.927857142857,369.21071428571474,7.142639997236337
2016-12-01 04:00:00,2016-12-01 07:00:00,-1,0.08,1167.14,1174.3389285714286,-58.15142857142797,-1.009723669196794
2016-12-12 03:00:00,2016-12-12 04:15:00,-1,0.1,1154.59,1160.2739285714285,-57.53928571428624,-1.0123154256990317
2016-12-12 11:00:00,2016-12-12 12:00:00,-1,0.14,1152.6,1156.6725,-57.99499999999988,-1.0171884591774134
2016-12-14 22:00:00,2016-12-16 18:15:00,-1,0.12,1149.41,1140.0585714285714,111.3771428571437,1.9237545340143765
2016-12-29 19:00:00,2016-12-29 21:00:00,1,0.29,1158.8,1154.6889285714285,-121.25107142857203,-1.0170271913821525
2016-12-30 02:00:00,2016-12-30 19:00:00,1,0.23,1160.48,1155.4667857142856,-116.91392857143148,-1.013963097527983
2017-01-04 12:00:00,2017-01-04 21:30:00,1,0.14,1165.7199999999998,1161.9292857142857,-54.04999999999744,-1.0184661767476664
2017-01-05 03:00:00,2017-01-11 17:00:00,1,0.11,1172.04,1178.6850000000002,72.3250000000023,1.3661323834966417
2017-01-11 21:00:00,2017-01-13 04:00:00,1,0.08,1195.1899999999998,1192.3485714285712,-23.291428571429204,-0.4247824501068338
2017-01-17 08:00:00,2017-01-18 21:00:00,1,0.18,1212.1399999999999,1209.1260714285713,-55.51071428571391,-1.0232255006517252
2017-01-26 15:00:00,2017-01-26 16:45:00,-1,0.14,1187.66,1191.5632142857144,-55.624999999999986,-1.0179339372312048
2017-01-27 06:00:00,2017-01-27 16:00:00,-1,0.12,1183.78,1188.0946428571428,-52.61571428571446,-1.016223822531257
2017-02-02 13:00:00,2017-02-02 17:45:00,1,0.12,1222.55,1218.1292857142855,-53.88857142857327,-1.0158345451607929
2017-02-06 14:00:00,2017-02-09 17:15:00,1,0.16,1226.31,1233.8614285714286,119.70285714285899,2.399541809851095
2017-02-23 16:00:00,2017-02-27 22:00:00,1,0.36,1248.75,1253.8328571428572,180.46285714285793,1.6829736211031137
2017-03-03 18:00:00,2017-03-03 20:00:00,-1,0.28,1225.43,1229.521785714286,-116.53000000000334,-1.017107445230006
2017-03-07 16:00:00,2017-03-10 16:00:00,-1,0.4,1221.11,1204.717142857143,652.9142857142755,5.893488072211456
2017-03-20 05:00:00,2017-03-20 13:45:00,1,0.22,1234.36,1231.2646428571427,-69.63785714285864,-1.0226145148263874
2017-03-21 16:00:00,2017-03-23 17:15:00,1,0.18,1239.51,1243.3142857142857,67.21714285714255,1.020296643247449
2017-03-27 04:00:00,2017-03-28 09:00:00,1,0.15,1255.1299999999999,1252.3700000000001,-42.44999999999645,-0.6314447366323458
2017-04-07 05:00:00,2017-04-07 19:45:00,1,0.34,1264.74,1260.8421428571428,-134.90714285714546,-1.0179585853033029
2017-04-11 18:00:00,2017-04-11 19:15:00,1,0.16,1273.0,1269.1289285714286,-63.05714285714304,-1.0180828489713007
2017-04-12 03:00:00,2017-04-12 16:15:00,1,0.13,1276.4499999999998,1271.842857142857,-60.80285714285757,-1.0151937984496195
2017-04-12 23:00:00,2017-04-17 22:30:00,1,0.13,1281.73,1281.3714285714289,-5.571428571425177,-0.0904363554148207
2017-04-25 20:00:00,2017-04-26 21:00:00,-1,0.17,1264.57,1268.0928571428572,-61.07857142857273,-1.0198702351987134
2017-05-01 19:00:00,2017-05-03 21:00:00,-1,0.2,1259.9,1252.820714285714,140.18571428572034,2.37804434751008
2017-05-03 23:00:00,2017-05-11 17:30:00,-1,0.27,1239.51,1227.3799999999999,325.620000000003,2.571037003197819
2017-05-17 03:00:00,2017-05-18 20:45:00,1,0.4,1243.7199999999998,1249.3857142857144,223.82857142858228,1.5917911205934059
2017-05-26 13:00:00,2017-05-30 10:45:00,1,0.22,1266.05,1263.8849999999998,-49.1700000000042,-0.6737726098191732
2017-05-31 21:00:00,2017-05-31 22:45:00,1,0.43,1272.01,1268.577142857143,-150.62285714285417,-1.0203911776945225
2017-06-02 18:00:00,2017-06-07 21:00:00,1,0.32,1276.87,1285.4235714285717,271.47428571429714,1.9411620495220359
2017-06-15 15:00:00,2017-06-22 02:00:00,-1,0.19,1255.9,1248.415714285714,140.87142857143377,1.8974499588703375
2017-07-03 11:00:00,2017-07-05 23:45:00,-1,0.32,1235.35,1227.5085714285715,248.68571428570954,3.1426920854996303
2017-07-07 17:00:00,2017-07-10 14:30:00,-1,0.4,1215.13,1215.445714285714,-15.428571428558644,-0.09297520661149258
2017-07-14 16:00:00,2017-07-14 17:15:00,1,0.24,1232.06,1228.6228571428571,-84.17142857142761,-1.0203657522859209
2017-07-17 15:00:00,2017-07-25 13:00:00,1,0.32,1234.7099999999998,1250.2014285714286,493.4857142857197,6.117013741323208
2017-07-26 23:00:00,2017-07-27 17:30:00,1,0.44,1261.37,1257.2514285714285,-184.29714285714098,-1.0169961845299915
2017-07-28 19:00:00,2017-08-01 13:15:00,1,0.24,1269.31,1265.6253571428572,-90.1114285714263,-1.0189977706697397
2017-08-01 18:00:00,2017-08-01 22:45:00,1,0.46,1273.2099999999998,1269.4760714285712,-174.9807142857146,-1.0187470109995131
2017-08-08 18:00:00,2017-08-08 19:15:00,-1,0.24,1253.47,1256.8482142857142,-82.75714285714065,-1.0207210064488732
2017-08-09 16:00:00,2017-08-09 16:15:00,1,0.22,1275.1699999999998,1271.5432142857142,-81.32928571428515,-1.0193008370260708
2017-08-09 22:00:00,2017-08-11 16:00:00,1,0.17,1276.9299999999998,1282.705,96.98500000000156,1.2677777777777843
2017-08-18 11:00:00,2017-08-18 18:15:00,1,0.25,1293.26,1290.0221428571429,-82.69642857142844,-1.0099225820521138
2017-08-28 18:00:00,2017-08-29 21:45:00,1,0.26,1304.03,1308.53,115.18,1.4497428705002346
2017-09-04 02:00:00,2017-09-05 14:15:00,1,0.12,1335.3,1328.7182142857143,-79.82142857142739,-1.0106354115795597
2017-09-05 22:00:00,2017-09-05 23:15:00,1,0.15,1343.8799999999999,1338.5560714285714,-80.90892857142744,-1.0131481854162367
2017-09-08 06:00:00,2017-09-08 16:45:00,1,0.13,1352.4099999999999,1346.5117857142857,-77.58678571428428,-1.0118679987889616
2017-09-18 11:00:00,2017-09-20 12:30:00,-1,0.26,1313.96,1315.9492857142855,-53.5414285714208,-0.7032564946943864
2017-09-20 22:00:00,2017-09-25 18:00:00,-1,0.14,1300.94,1300.8121428571428,0.810000000001328,0.010598626104040967
2017-09-27 16:00:00,2017-09-27 17:45:00,-1,0.17,1284.28,1288.6042857142857,-74.70285714285654,-1.0161876445325346
2017-09-28 07:00:00,2017-09-28 12:30:00,-1,0.18,1281.1,1285.2657142857142,-76.24285714285794,-1.016803840877929
2017-10-02 04:00:00,2017-10-04 09:00:00,-1,0.15,1275.3,1278.3828571428571,-47.29285714285747,-0.6430652680652726
2017-10-06 16:00:00,2017-10-06 17:30:00,-1,0.53,1264.58,1267.3260714285714,-149.25178571428634,-1.0254909611132876
2017-10-10 14:00:00,2017-10-11 05:00:00,1,0.23,1290.8,1287.8085714285714,-70.41285714285583,-1.0234001910219457
2017-10-12 07:00:00,2017-10-12 15:45:00,1,0.18,1295.2199999999998,1291.5171428571427,-67.91142857142701,-1.0189043209876325
2017-10-13 16:00:00,2017-10-16 21:00:00,1,0.18,1300.6299999999999,1297.3592857142855,-60.132857142858256,-0.9371806432221336
2017-10-23 03:00:00,2017-10-23 18:45:00,-1,0.16,1274.84,1278.9457142857143,-66.81142857143016,-1.0170494084899233
2017-10-26 20:00:00,2017-10-27 17:00:00,-1,0.15,1270.24,1272.195,-30.37499999999891,-0.488372093023252
2017-11-08 17:00:00,2017-11-08 21:00:00,1,0.2,1285.2199999999998,1282.0732142857141,-64.33571428571341,-1.0222449211212994
2017-11-17 19:00:00,2017-11-20 16:45:00,1,0.2,1290.1699999999998,1287.1228571428571,-62.34285714285434,-1.022972339428004
2017-11-27 16:00:00,2017-11-27 16:30:00,1,0.42,1298.56,1295.6810714285714,-123.8549999999995,-1.0243146011661084
2017-11-30 20:00:00,2017-11-30 22:00:00,-1,0.14,1271.52,1275.4639285714286,-56.1950000000006,-1.017748800144888
2017-12-05 17:00:00,2017-12-08 15:30:00,-1,0.2,1266.8,1250.8214285714282,318.17142857143483,5.649923896499356
2017-12-11 22:00:00,2017-12-12 03:30:00,-1,0.2,1241.38,1244.4635714285716,-63.07142857143063,-1.0227009497336377
2017-12-12 17:00:00,2017-12-12 19:15:00,-1,0.29,1240.48,1242.6292857142857,-64.359285714286,-1.0325689597873355
2017-12-20 20:00:00,2017-12-20 22:15:00,1,0.24,1266.9199999999998,1264.367857142857,-62.93142857142782,-1.0274279317100676
2017-12-22 17:00:00,2018-01-03 21:00:00,1,0.71,1270.9699999999998,1309.255714285714,2713.31571428571,22.44682190056558
2018-01-04 22:00:00,2018-01-05 07:45:00,1,0.24,1324.59,1319.9089285714285,-114.02571428571326,-1.0149538414587416
2018-01-12 07:00:00,2018-01-12 10:00:00,1,0.35,1329.8,1326.6317857142856,-113.33750000000344,-1.0220944651110537
2018-01-12 12:00:00,2018-01-12 15:30:00,1,0.35,1331.1299999999999,1328.0292857142856,-110.97499999999962,-1.022575443446205
2018-01-12 21:00:00,2018-01-16 11:15:00,1,0.2,1337.9099999999999,1332.7457142857143,-104.68571428571197,-1.013554633471632
2018-01-24 11:00:00,2018-01-25 21:15:00,1,0.36,1347.2099999999998,1351.6235714285717,156.36857142858887,1.5126865671643632
2018-02-02 18:00:00,2018-02-02 19:15:00,-1,0.24,1330.36,1334.7624999999998,-107.33999999999803,-1.0159000567858947
2018-02-06 23:00:00,2018-02-07 03:00:00,-1,0.17,1321.79,1328.0375,-107.39749999999907,-1.0112044817927173
2018-02-07 19:00:00,2018-02-08 19:30:00,-1,0.23,1318.52,1321.8971428571426,-79.28428571428083,-0.7837596427120835
2018-02-14 21:00:00,2018-02-16 20:45:00,1,0.14,1352.99,1351.0114285714285,-28.680000000001186,-0.2801054790507011
2018-02-27 18:00:00,2018-02-28 16:30:00,-1,0.22,1318.03,1322.5107142857141,-100.11571428571146,-1.0156225091662465
2018-03-01 11:00:00,2018-03-01 21:45:00,-1,0.34,1311.6,1314.4778571428571,-100.22714285714608,-1.0243236535120743
2018-03-16 17:00:00,2018-03-16 17:45:00,-1,0.31,1309.97,1313.1275,-100.05250000000085,-1.0221694378463972
2018-03-21 21:00:00,2018-03-22 19:00:00,1,0.17,1330.86,1325.4310714285714,-93.48178571428474,-1.0128938885599512
2018-03-23 03:00:00,2018-03-27 14:00:00,1,0.18,1338.98,1347.2864285714284,148.25571428571016,1.5876359631005856
2018-04-11 15:00:00,2018-04-11 21:00:00,1,0.3,1349.05,1349.6964285714284,17.292857142854608,0.18090114324139495
2018-04-23 12:00:00,2018-04-24 19:30:00,-1,0.33,1329.04,1331.9896428571428,-99.64821428571446,-1.023731686644875
2018-04-25 15:00:00,2018-04-25 20:30:00,-1,0.33,1320.64,1323.4675000000002,-95.6175000000033,-1.0247568523430908
2018-04-26 18:00:00,2018-04-27 15:45:00,-1,0.24,1317.79,1321.6696428571427,-94.79142857142476,-1.0180428979103087
2018-04-30 15:00:00,2018-04-30 17:00:00,-1,0.32,1313.61,1316.4396428571426,-92.7885714285678,-1.0247381042534225
2018-05-01 12:00:00,2018-05-02 06:30:00,-1,0.36,1308.8,1311.0864285714285,-84.83142857142913,-0.9545717592592483
2018-05-11 12:00:00,2018-05-11 18:00:00,1,0.36,1323.4499999999998,1321.0532142857141,-88.80428571428412,-1.0292057815526403
2018-05-15 16:00:00,2018-05-18 21:30:00,-1,0.26,1297.56,1293.8685714285714,94.15714285714257,1.1206896551724495
2018-05-21 10:00:00,2018-05-21 14:15:00,-1,0.32,1283.3,1286.0117857142857,-89.01714285714318,-1.0258132490451886
2018-06-14 13:00:00,2018-06-14 15:00:00,1,0.7,1305.51,1303.0435714285713,-177.55000000000555,-1.0283811178685327
2018-06-14 16:00:00,2018-06-14 16:00:00,1,0.56,1307.6999999999998,1304.7471428571428,-169.2799999999951,-1.023705853894497
2018-06-15 17:00:00,2018-06-25 01:30:00,-1,0.18,1283.72,1271.7199999999998,214.7400000000041,2.792042795051916
2018-06-26 11:00:00,2018-06-29 19:45:00,-1,0.3,1260.77,1255.7864285714286,147.40714285714185,1.8048012593467122
2018-07-02 19:00:00,2018-07-03 12:30:00,-1,0.63,1243.59,1246.3489285714286,-178.22250000000614,-1.025372168284807
2018-07-09 13:00:00,2018-07-09 18:15:00,1,0.35,1263.57,1261.1946428571428,-85.58750000000141,-1.029469252743962
2018-07-17 17:00:00,2018-07-19 20:00:00,-1,0.23,1231.69,1223.1464285714285,194.89214285714604,2.4215145948153354
2018-08-02 21:00:00,2018-08-03 15:30:00,-1,0.25,1211.83,1214.0750000000003,-57.87500000000864,-0.6846218842417547
2018-08-13 13:00:00,2018-08-16 08:30:00,-1,0.25,1201.76,1176.3628571428571,633.1785714285713,7.672400735692056
2018-08-24 18:00:00,2018-08-28 20:30:00,1,0.23,1206.32,1206.305,-1.9549999999970715,-0.020499569336748506
2018-09-11 16:00:00,2018-09-11 17:00:00,-1,0.34,1188.79,1191.6410714285714,-99.31642857142958,-1.0245521733683958
2018-09-13 16:00:00,2018-09-13 17:00:00,1,0.32,1210.05,1207.1410714285714,-95.32571428571303,-1.024063842848339
2018-09-27 16:00:00,2018-09-28 17:45:00,-1,0.29,1186.97,1188.76,-53.939999999998946,-0.5920873124147376
2018-10-11 16:00:00,2018-10-16 23:15:00,1,0.22,1208.81,1223.4900000000002,321.4200000000064,3.48034711587553
2018-10-23 12:00:00,2018-10-23 17:15:00,1,0.34,1235.9399999999998,1233.0760714285711,-99.75357142857536,-1.0244419503679159
2018-10-26 18:00:00,2018-10-26 19:00:00,1,0.21,1243.53,1238.9646428571427,-97.34250000000199,-1.015332863959959
2018-10-31 06:00:00,2018-11-01 08:30:00,-1,0.29,1217.59,1220.7721428571429,-94.31214285714512,-1.0219977553311195
2018-11-09 17:00:00,2018-11-14 19:45:00,-1,0.25,1210.47,1205.5028571428566,122.42857142858679,1.3391932805939808
2018-12-03 10:00:00,2018-12-03 13:00:00,1,0.35,1231.9399999999998,1229.280714285714,-95.52500000000005,-1.0263228579102999
2018-12-03 17:00:00,2018-12-03 22:45:00,1,0.27,1233.73,1230.2832142857144,-94.95321428571187,-1.0203087762925838
2018-12-04 04:00:00,2018-12-11 18:00:00,1,0.25,1235.29,1242.76,185.00000000000068,2.081575246132255
2018-12-19 17:00:00,2018-12-19 19:30:00,1,0.64,1256.11,1253.1399999999999,-194.56000000000174,-1.0235690235690234
2018-12-20 17:00:00,2018-12-20 17:45:00,1,0.22,1259.6299999999999,1255.5339285714283,-91.6535714285747,-1.0170895457319968
2018-12-20 20:00:00,2018-12-21 11:15:00,1,0.17,1262.9399999999998,1257.698571428571,-90.2942857142886,-1.0133551376397054
2018-12-24 19:00:00,2018-12-26 21:45:00,1,0.25,1268.32,1265.9614285714283,-60.714285714290554,-0.718436344426894
2018-12-28 09:00:00,2018-12-28 10:15:00,1,0.28,1281.07,1278.0721428571428,-85.8999999999996,-1.0233500119132823
2018-12-31 14:00:00,2018-12-31 15:30:00,1,0.39,1283.78,1281.6478571428572,-85.88357142856738,-1.032830820770501
2019-01-02 08:00:00,2019-01-02 16:15:00,1,0.22,1286.55,1282.797857142857,-84.08714285714318,-1.0186560060917549
2019-01-03 09:00:00,2019-01-03 11:00:00,1,0.18,1292.3799999999999,1288.018214285714,-79.77214285714467,-1.0160484729386943
2019-01-03 22:00:00,2019-01-04 11:30:00,1,0.18,1293.6799999999998,1289.4339285714284,-77.68928571428593,-1.0164858272352653
2019-01-21 11:00:00,2019-01-21 16:30:00,-1,0.36,1279.0,1281.1471428571429,-79.8171428571427,-1.0326014637391763
2019-01-25 18:00:00,2019-02-01 04:00:00,1,0.2,1297.8,1317.6785714285716,396.1714285714321,5.366618287373116
2019-02-15 14:00:00,2019-02-15 14:30:00,1,0.8,1318.6599999999999,1316.557857142857,-173.77142857142243,-1.033299354400229
2019-02-15 21:00:00,2019-02-18 01:00:00,1,0.23,1320.99,1317.36,-85.10000000000252,-1.0808555033907374
2019-02-18 04:00:00,2019-02-21 10:30:00,1,0.2,1324.98,1335.9857142857143,218.71428571428496,2.8510242085661015
2019-02-28 18:00:00,2019-03-06 09:15:00,-1,0.2,1315.33,1291.1157142857141,482.8857142857156,5.86840277777785
2019-03-20 21:00:00,2019-03-21 16:45:00,1,0.17,1314.7099999999998,1309.4321428571427,-90.91357142857072,-1.01326295845174
2019-03-28 16:00:00,2019-03-29 14:30:00,-1,0.19,1291.81,1296.450357142857,-89.49678571428406,-1.015085045793877
2019-04-02 08:00:00,2019-04-02 08:30:00,-1,0.29,1285.9,1288.9375000000002,-90.11750000000394,-1.0230452674897437
2019-04-04 16:00:00,2019-04-04 17:30:00,-1,0.34,1284.77,1287.29,-88.05999999999939,-1.0277777777777615
2019-04-10 18:00:00,2019-04-11 11:15:00,1,0.27,1307.25,1304.1267857142857,-86.21678571428642,-1.0224128073184964
2019-04-16 16:00:00,2019-04-18 12:00:00,-1,0.28,1279.04,1276.925714285714,57.24000000000437,0.6855910887532094
2019-04-23 16:00:00,2019-04-23 16:30:00,-1,0.33,1267.57,1270.1028571428571,-85.89428571428795,-1.0276367738296894
2019-05-08 13:00:00,2019-05-08 13:15:00,1,0.41,1289.51,1287.475357142857,-86.29035714285885,-1.0344040723187844
2019-05-13 16:00:00,2019-05-16 15:30:00,1,0.28,1291.82,1293.162857142857,35.64000000000036,0.43934911242604424
2019-05-17 18:00:00,2019-05-22 14:45:00,-1,0.23,1275.94,1276.5242857142857,-15.048571428570414,-0.18521888585581717
2019-05-31 03:00:00,2019-06-05 18:00:00,1,0.51,1290.83,1330.1899999999998,2003.789999999995,12.248051658873063
2019-06-14 10:00:00,2019-06-14 15:30:00,1,0.31,1355.51,1351.5842857142857,-123.86714285714395,-1.0178311499272261
2019-06-20 04:00:00,2019-06-21 10:30:00,1,0.17,1371.6799999999998,1388.3135714285715,281.5807142857192,2.4605018833890755
2019-06-24 19:00:00,2019-06-25 20:15:00,1,0.21,1414.08,1414.9564285714284,16.93499999999861,0.13687337091591228
2019-07-18 19:00:00,2019-07-19 18:45:00,1,0.22,1429.06,1424.8057142857144,-95.13428571428135,-0.7543925233644578
2019-08-01 04:00:00,2019-08-01 18:00:00,-1,0.15,1407.29,1415.4939285714286,-124.10892857142908,-1.0085324974968488
2019-08-01 21:00:00,2019-08-02 06:30:00,1,0.14,1438.76,1430.5078571428571,-116.51000000000023,-1.0084826452003801
2019-08-02 18:00:00,2019-08-05 01:30:00,1,0.15,1447.11,1439.2885714285715,-118.37142857142662,-1.0089497716894875
2019-08-05 05:00:00,2019-08-12 10:15:00,1,0.13,1449.4399999999998,1487.544285714286,494.44571428571936,4.489524050419521
2019-08-12 22:00:00,2019-08-13 16:30:00,1,0.15,1512.1899999999998,1513.2142857142856,14.314285714285868,0.11496923540295255
2019-08-26 02:00:00,2019-08-26 09:45:00,1,0.11,1547.8,1537.1832142857143,-117.55464285714267,-1.0065933326605456
2019-09-04 21:00:00,2019-09-05 03:00:00,1,0.2,1555.8999999999999,1549.6889285714285,-125.62142857142717,-1.0112701972284397
2019-09-05 18:00:00,2019-09-06 16:00:00,-1,0.12,1513.91,1522.708571428571,-106.42285714285194,-0.9313979220583908
2019-09-09 18:00:00,2019-09-09 19:30:00,-1,0.18,1498.8,1505.330357142857,-118.80642857142881,-1.0107191687175332
2019-09-10 03:00:00,2019-09-12 09:45:00,-1,0.17,1496.08,1501.6314285714286,-95.56428571428768,-0.8375904640272646
2019-09-23 18:00:00,2019-09-23 19:00:00,1,0.21,1526.23,1520.8310714285715,-114.84749999999937,-1.0129655354898337
2019-09-24 19:00:00,2019-09-25 17:30:00,1,0.23,1527.56,1522.6153571428572,-115.33678571428332,-1.0141567352834728
2019-09-30 19:00:00,2019-10-01 17:00:00,-1,0.15,1468.25,1475.6139285714285,-111.50892857142689,-1.0095057956253786
2019-10-24 17:00:00,2019-10-25 18:45:00,1,0.27,1499.26,1505.9764285714286,179.45357142857358,1.6725083131122733
2019-11-07 18:00:00,2019-11-12 21:15:00,-1,0.19,1469.65,1458.5392857142858,209.77357142857107,1.8711942376369612
2019-11-26 02:00:00,2019-11-26 08:15:00,-1,0.33,1453.8,1457.2435714285714,-115.94785714285723,-1.020327732835516
2019-12-03 17:00:00,2019-12-04 11:00:00,1,0.51,1478.52,1474.9528571428568,-185.49428571430082,-0.8107634742457447
2019-12-24 04:00:00,2019-12-31 16:30:00,1,0.82,1487.86,1517.4157142857143,2417.8285714285835,11.008000000000155
2020-01-02 16:00:00,2020-01-02 19:15:00,1,0.79,1528.3899999999999,1524.3796428571427,-322.3482142857167,-1.017454804524025
2020-01-03 04:00:00,2020-01-08 04:30:00,1,0.67,1535.24,1584.678571428571,3307.6942857142635,10.916212587854355
2020-01-24 18:00:00,2020-01-28 17:15:00,1,0.43,1570.32,1569.9314285714283,-19.718571428578578,-0.09108320919347798
2020-02-04 20:00:00,2020-02-05 05:15:00,-1,0.34,1550.59,1556.9778571428571,-219.56714285714577,-1.010958291401107
2020-02-05 12:00:00,2020-02-05 13:30:00,-1,0.4,1548.65,1553.9525,-214.90000000000038,-1.0132013201320147
2020-02-14 16:00:00,2020-02-25 02:00:00,1,0.69,1580.4399999999998,1650.4299999999998,4824.4800000000005,23.084070274731776
2020-03-06 12:00:00,2020-03-06 15:15:00,1,0.31,1684.7199999999998,1675.0578571428568,-301.69642857143157,-1.007244769719829
2020-03-09 02:00:00,2020-03-09 05:45:00,1,0.12,1700.4699999999998,1676.9135714285712,-283.5171428571428,-1.002971587980228
2020-03-13 04:00:00,2020-03-13 06:30:00,-1,0.1,1554.97,1583.6167857142857,-287.1678571428567,-1.002443555123361
2020-03-13 18:00:00,2020-03-16 01:45:00,-1,0.11,1534.63,1560.3710714285717,-283.9217857142871,-1.0027193895248048
2020-03-16 13:00:00,2020-03-16 17:15:00,-1,0.09,1477.55,1506.9992857142856,-265.6735714285711,-1.0023769676683878
2020-04-06 17:00:00,2020-04-16 19:30:00,1,0.28,1648.9299999999998,1710.9921428571427,1735.779999999999,6.451754385964936
2020-05-14 17:00:00,2020-05-18 16:45:00,1,0.4,1732.35,1737.5714285714284,206.0571428571413,0.6623501859760234
2020-05-27 07:00:00,2020-05-27 21:00:00,-1,0.45,1708.62,1714.7307142857142,-278.13214285714196,-0.8963124093639896
2020-06-05 16:00:00,2020-06-08 10:00:00,-1,0.36,1687.23,1695.662142857143,-306.07714285714565,-1.0083015671325766
2020-06-22 02:00:00,2020-06-25 01:00:00,1,0.43,1746.01,1759.56,579.639999999998,1.915258537575473
2020-06-30 18:00:00,2020-07-01 16:00:00,1,0.53,1781.4199999999998,1775.495,-317.73499999999757,-1.011814345991571
2020-07-07 18:00:00,2020-07-09 18:00:00,1,0.48,1794.32,1800.877857142857,311.41714285713954,1.0078783843763774
2020-07-21 10:00:00,2020-07-28 06:00:00,1,1.8,1823.1799999999998,1937.820714285714,20622.728571428564,32.68113284433596
2020-08-04 18:00:00,2020-08-07 17:00:00,1,0.83,1992.09,2033.6392857142857,3442.7807142857223,4.771847651916695
2020-08-11 21:00:00,2020-08-12 11:15:00,-1,0.34,1925.43,1948.4989285714287,-786.723571428573,-1.0030343845308345
2020-09-01 11:00:00,2020-09-01 13:00:00,1,0.94,1992.3,1984.0575000000001,-781.3749999999847,-1.0084925690021116
2020-09-15 14:00:00,2020-09-15 15:45:00,1,1.29,1971.0,1965.0932142857143,-771.0053571428502,-1.0118507769514413
2020-09-21 17:00:00,2020-09-22 02:15:00,-1,0.75,1912.36,1916.3421428571428,-303.9107142857167,-0.4058375362163353
2020-09-23 10:00:00,2020-09-23 12:45:00,-1,0.8,1881.37,1890.6507142857142,-748.0571428571473,-1.0075425228969517
2020-09-23 18:00:00,2020-09-28 15:30:00,-1,0.54,1865.64,1870.1585714285713,-247.78285714284746,-0.34075960110331827
2020-10-09 17:00:00,2020-10-13 05:00:00,1,0.97,1923.6299999999999,1916.1610714285714,-731.2760714285623,-1.0093721608568766
2020-10-28 15:00:00,2020-10-30 14:00:00,-1,2.12,1882.17,1880.5457142857142,329.5085714286026,0.23240414397097203
2020-11-05 11:00:00,2020-11-09 13:45:00,1,0.96,1918.3899999999999,1940.190714285714,2086.148571428553,2.920374370050378
2020-11-23 17:00:00,2020-12-01 10:00:00,-1,0.94,1841.62,1792.4035714285715,4619.764285714272,6.087591240875884
2020-12-07 17:00:00,2020-12-09 13:30:00,1,0.89,1857.02,1852.8078571428573,-381.1107142856986,-0.44861001983011733
2020-12-17 11:00:00,2020-12-21 11:45:00,1,1.12,1879.09,1883.2107142857144,453.6800000000223,0.5404812961639545
2021-01-04 02:00:00,2021-01-06 14:30:00,1,0.9,1913.3899999999999,1931.6864285714285,1640.378571428572,1.9328864144226046
2021-01-08 17:00:00,2021-01-20 04:30:00,-1,0.64,1864.97,1849.5085714285713,985.0514285714413,1.118534091204042
2021-02-04 04:00:00,2021-02-05 19:00:00,-1,1.34,1826.97,1815.3842857142856,1543.1057142857298,1.7136479591836837
2021-02-17 16:00:00,2021-02-18 10:45:00,-1,1.14,1778.9,1787.0417857142857,-936.1435714285539,-1.0085976224941748
2021-02-26 08:00:00,2021-03-08 01:15:00,-1,0.82,1760.59,1712.272857142857,3956.26571428572,4.324881546933047
2021-03-08 14:00:00,2021-03-08 15:15:00,-1,1.05,1685.79,1695.2035714285714,-995.7750000000032,-1.0074360725396456
2021-03-08 18:00:00,2021-03-09 08:30:00,-1,0.9,1681.7,1692.4678571428572,-975.4071428571399,-1.0065008291873887
2021-03-17 21:00:00,2021-03-18 09:15:00,1,1.2,1749.9699999999998,1742.008214285714,-963.8142857142869,-1.0087919974880089
2021-03-29 17:00:00,2021-03-31 16:45:00,-1,2.74,1711.12,1697.302857142857,3766.7171428571623,2.0129693546700165
2021-04-08 15:00:00,2021-04-09 10:30:00,1,4.1,1750.09,1745.1582142857142,-2050.732142857158,-1.014193641827802
2021-04-15 18:00:00,2021-04-19 16:15:00,1,2.73,1765.1299999999999,1768.3314285714287,854.8800000000564,0.439895645193684
2021-04-21 17:00:00,2021-04-22 09:00:00,1,1.31,1796.1699999999998,1788.6196428571427,-998.266785714285,-1.0092710846222934
2021-04-29 17:00:00,2021-04-29 17:30:00,-1,1.18,1757.78,1765.9314285714286,-970.1285714285742,-1.0085874518051183
2021-05-06 17:00:00,2021-05-07 16:00:00,1,1.21,1813.1,1828.6749999999997,1876.1049999999777,1.9878205128204718
2021-05-17 05:00:00,2021-05-17 16:00:00,1,1.49,1851.52,1844.9060714285713,-995.9053571428742,-1.010583724823164
2021-05-17 18:00:00,2021-05-19 12:45:00,1,1.32,1864.9599999999998,1859.1792857142855,-772.2942857142928,-0.8038667255508158
2021-05-19 17:00:00,2021-05-19 17:15:00,1,0.86,1889.4099999999999,1878.3442857142857,-957.6714285714206,-1.0063258455977198
2021-05-25 18:00:00,2021-05-26 20:30:00,1,1.16,1890.9699999999998,1894.285714285714,376.5028571428464,0.40477463032245714
2021-06-01 10:00:00,2021-06-01 11:00:00,1,4.49,1915.6699999999998,1911.482857142857,-1911.457142857125,-1.0167178437393307
2021-06-03 17:00:00,2021-06-04 15:30:00,-1,2.2,1867.76,1875.9307142857144,-1812.957142857177,-1.008567182446028
2021-06-14 14:00:00,2021-06-14 16:30:00,-1,1.34,1854.79,1861.222857142857,-871.3828571428479,-1.0108816344659053
2021-06-16 22:00:00,2021-06-23 16:30:00,-1,0.99,1835.11,1791.0178571428569,4358.192142857159,5.155248849853663
2021-06-29 16:00:00,2021-06-29 18:30:00,-1,1.15,1754.76,1762.892142857143,-943.2464285714426,-1.0086078173034834
2021-07-06 05:00:00,2021-07-06 18:45:00,1,2.22,1796.0,1797.9735714285712,422.5928571428012,0.46135202977575474
2021-07-08 14:00:00,2021-07-08 16:30:00,1,1.26,1817.75,1810.454642857143,-928.0349999999856,-1.0095951436823665
2021-07-14 16:00:00,2021-07-14 16:45:00,1,1.58,1828.9599999999998,1823.2471428571428,-913.6914285714133,-1.012253063265805
2021-07-15 10:00:00,2021-07-15 13:00:00,1,2.04,1831.48,1827.139642857143,-899.7128571428487,-1.0161277050933777
2021-07-29 15:00:00,2021-07-30 19:15:00,1,3.34,1825.48,1820.2814285714285,-1759.7028571428946,-1.0134652377026827
2021-08-06 16:00:00,2021-08-09 04:15:00,-1,1.32,1776.36,1741.342857142857,4613.022857142872,5.526488196091761
2021-08-23 16:00:00,2021-08-25 03:30:00,1,3.43,1800.26,1797.459285714286,-984.6549999999341,-0.5320360074132492
2021-08-27 19:00:00,2021-08-31 16:00:00,1,1.97,1813.33,1808.6892857142861,-928.0107142856154,-0.5124320124319555
2021-09-03 16:00:00,2021-09-03 16:30:00,1,4.0,1823.83,1819.3867857142857,-1805.2857142856992,-1.0157543605819321
2021-09-03 18:00:00,2021-09-06 11:30:00,1,2.88,1830.58,1824.6571428571428,-1725.94285714284,-1.0118186203569568
2021-09-16 13:00:00,2021-09-20 17:15:00,-1,1.61,1777.89,1764.9092857142855,2078.6250000000523,2.544341216216285
2021-09-28 14:00:00,2021-09-28 16:15:00,-1,1.34,1733.6,1740.0049999999999,-867.6499999999963,-1.010928961748634
2021-09-29 20:00:00,2021-09-30 04:30:00,-1,1.16,1724.63,1731.8664285714285,-847.5457142856949,-1.0096732800315706
2021-10-08 16:00:00,2021-10-08 16:45:00,1,1.43,1776.1499999999999,1770.3825,-834.7624999999895,-1.0121369744256496
2021-10-13 17:00:00,2021-10-15 10:45:00,1,0.95,1782.03,1786.5592857142856,423.6321428571326,0.5248423707439976
2021-10-22 16:00:00,2021-10-22 18:15:00,1,1.4,1806.1399999999999,1800.3125,-825.649999999982,-1.0120120120119924
2021-11-03 16:00:00,2021-11-03 20:45:00,-1,2.4,1767.12,1773.78,-1615.2000000000196,-1.0105105105105252
2021-11-05 19:00:00,2021-11-10 20:00:00,1,0.92,1814.33,1845.4464285714284,2856.2714285714233,3.7365140769395815
2021-11-16 11:00:00,2021-11-16 15:45:00,1,1.59,1872.4299999999998,1867.2507142857141,-834.6364285714259,-1.013515377189347
2021-11-22 17:00:00,2021-11-26 05:00:00,-1,0.9,1819.21,1797.6721428571427,1932.1071428571588,2.393581013817557
2021-11-30 19:00:00,2021-12-01 07:45:00,-1,0.79,1774.44,1785.1082142857142,-848.3189285714185,-1.00656154798968
2021-12-02 17:00:00,2021-12-02 17:30:00,-1,1.17,1764.74,1771.7867857142858,-832.6639285714341,-1.0099336070143534
2021-12-02 20:00:00,2021-12-03 02:45:00,-1,0.98,1763.4,1771.6660714285715,-816.9349999999995,-1.0084683516958348
2021-12-15 21:00:00,2021-12-15 21:30:00,-1,3.0,1762.66,1767.9678571428572,-1613.3571428571222,-1.0131879962319843
2021-12-16 17:00:00,2021-12-17 22:00:00,1,2.9,1794.05,1799.2621428571426,1491.2214285713774,0.9748798158304175
2021-12-28 09:00:00,2021-12-28 16:00:00,1,4.71,1815.29,1811.9139285714286,-1623.0996428570927,-1.020734158468187
2021-12-31 16:00:00,2021-12-31 17:30:00,1,3.67,1824.6599999999999,1820.510357142857,-1548.6089285714472,-1.0168689215939646
2022-01-06 16:00:00,2022-01-07 15:30:00,-1,0.97,1788.48,1795.9810714285716,-734.3939285714401,-1.0093320001904584
2022-01-19 18:00:00,2022-01-21 10:15:00,1,2.39,1838.6499999999999,1832.6521428571427,-1450.2178571428537,-1.0116708348219494
2022-01-25 17:00:00,2022-01-25 17:00:00,1,2.56,1850.73,1845.3707142857143,-1389.897142857155,-1.0130614420898354
2022-01-27 16:00:00,2022-01-27 16:30:00,-1,0.89,1799.95,1807.3310714285715,-663.1453571428574,-1.0094837180045473
2022-01-27 18:00:00,2022-01-28 15:15:00,-1,0.71,1796.54,1793.017857142857,245.10214285714258,0.38220640569395004
2022-02-08 16:00:00,2022-02-08 16:30:00,1,1.67,1824.3999999999999,1820.4946428571427,-663.8846428571451,-1.0179240969364576
2022-02-09 20:00:00,2022-02-10 15:15:00,1,1.42,1834.51,1830.025,-646.8099999999858,-1.0156075808249578
2022-02-10 19:00:00,2022-02-10 19:45:00,1,0.99,1841.9399999999998,1835.630357142857,-631.5846428571334,-1.011094130299423
2022-02-11 21:00:00,2022-02-15 10:45:00,1,0.75,1857.53,1858.117857142857,38.8392857142785,0.06384009157749879
2022-02-17 11:00:00,2022-02-22 13:45:00,1,0.82,1886.56,1891.6349999999998,410.4099999999851,0.6697252090800235
2022-02-24 05:00:00,2022-02-24 16:30:00,1,0.9,1921.3,1935.42,1264.5000000000107,2.0384475879579305
